{"type":"FeatureCollection","features":[{"type":"Feature","geometry":{"bbox":[-96.855937,32.933377,-96.82115,32.98737],"type":"Polygon","coordinates":[[[-96.85593,32.935809],[-96.855895,32.940004],[-96.855876,32.94129],[-96.855868,32.943653],[-96.855807,32.949605],[-96.855801,32.953083],[-96.855673,32.954707],[-96.855493,32.95516],[-96.853984,32.957532],[-96.849877,32.95677],[-96.848086,32.956645],[-96.846835,32.956634],[-96.846653,32.958337],[-96.845964,32.959034],[-96.845313,32.959077],[-96.840005,32.959018],[-96.838869,32.958928],[-96.838793,32.959593],[-96.838623,32.95959],[-96.838601,32.964292],[-96.841936,32.968902],[-96.841811,32.968963],[-96.842933,32.971061],[-96.842883,32.980854],[-96.842763,32.980903],[-96.841597,32.98109900000001],[-96.838867,32.981198],[-96.838869,32.98200800000001],[-96.838871,32.983353],[-96.838916,32.987209],[-96.838955,32.98737],[-96.83001200000001,32.987255],[-96.830014,32.98724],[-96.830244,32.983303],[-96.828927,32.983303],[-96.828949,32.980643],[-96.828143,32.978895],[-96.823536,32.975195],[-96.823425,32.975298],[-96.822785,32.974787],[-96.821884,32.973625],[-96.821703,32.973104],[-96.821583,32.968594],[-96.821621,32.96709],[-96.821728,32.964173],[-96.821687,32.962497],[-96.821458,32.961409],[-96.821159,32.960222],[-96.82115,32.959482],[-96.822096,32.95402],[-96.822287,32.954022],[-96.829907,32.954014],[-96.830164,32.95274],[-96.82814700000002,32.946859],[-96.831324,32.94684],[-96.831309,32.951177],[-96.8388,32.951238],[-96.838875,32.943461],[-96.839031,32.943474],[-96.839023,32.939859],[-96.846934,32.939873],[-96.84697,32.939883],[-96.84751800000001,32.939885],[-96.847543,32.936191],[-96.847569,32.933377],[-96.855762,32.933532],[-96.855929,32.933543],[-96.855937,32.933678],[-96.85593,32.935809]]]},"properties":{"zcta":"75001","city_names":["Addison","Carrollton","Dallas","Farmers Branch"],"search_label":"75001 Addison / Carrollton / Dallas / Farmers Branch","dem_votes":3854,"rep_votes":2561,"total_votes":6543,"total_major_party_votes":6415,"dem_share":0.6008,"rep_share":0.3992,"margin":0.2016,"winner":"Democratic","precincts_assigned":6,"population":null,"median_age":null,"median_household_income":null,"white_non_hispanic_share":null,"black_non_hispanic_share":null,"asian_non_hispanic_share":null,"hispanic_share":null,"housing_units":null,"dominant_housing_era":null,"dominant_housing_era_share":null,"crime_year":2025,"crime_total":null,"robbery_count":null,"homicide_count":null,"aggravated_assault_count":null,"shooting_count":null,"violent_crime_rate_per_100k":null,"robbery_rate_per_100k":null,"homicide_rate_per_100k":null,"shooting_rate_per_100k":null,"politics_status":"Mapped","safety_status":"Needs Review","demographics_status":"Needs Review","needs_review":true,"source_label":"ACS 5-year ZCTA, Dallas OpenData incidents, 2024 presidential precinct returns"}},{"type":"Feature","geometry":{"bbox":[-96.685506,33.03373700000001,-96.528223,33.137816],"type":"Polygon","coordinates":[[[-96.685506,33.073791],[-96.681814,33.081257],[-96.678626,33.084638],[-96.677368,33.086432],[-96.670299,33.101115],[-96.670538,33.101157],[-96.670027,33.102283],[-96.666575,33.115316],[-96.66516,33.11518],[-96.663773,33.115371],[-96.66650800000001,33.115578000000006],[-96.6652,33.12355],[-96.663377,33.125453],[-96.66176,33.12761900000001],[-96.659641,33.129908],[-96.644772,33.129634],[-96.637265,33.129566],[-96.62863800000001,33.1295],[-96.622143,33.129449],[-96.615507,33.128852],[-96.612494,33.12857400000001],[-96.61125,33.128622],[-96.61088000000001,33.126681],[-96.610423,33.124956],[-96.610121,33.123821],[-96.609724,33.123838],[-96.602908,33.124038],[-96.602924,33.123296],[-96.593875,33.12314],[-96.593941,33.125395],[-96.588252,33.125199],[-96.588302,33.124146],[-96.579416,33.123844],[-96.578745,33.123821],[-96.576848,33.123778],[-96.570522,33.123635],[-96.570681,33.127249],[-96.572671,33.130563],[-96.574461,33.133593],[-96.575015,33.134529],[-96.575508,33.135282],[-96.57370200000001,33.136958],[-96.571919,33.137816],[-96.569478,33.137451],[-96.56916,33.137037],[-96.56855,33.13561],[-96.565064,33.134818],[-96.565062,33.133851],[-96.562752,33.134366],[-96.561992,33.133508],[-96.56082,33.134123],[-96.559634,33.133304],[-96.560022,33.132334],[-96.557219,33.132506],[-96.55711500000001,33.128554],[-96.555332,33.127417],[-96.555708,33.126801],[-96.552829,33.127718],[-96.553292,33.126407],[-96.551715,33.126143],[-96.551864,33.12463000000001],[-96.550839,33.123318],[-96.556045,33.123396],[-96.552895,33.121608],[-96.552617,33.12177100000001],[-96.546457,33.123092],[-96.544101,33.122188],[-96.543302,33.12312],[-96.540033,33.123254],[-96.540689,33.126344],[-96.53927,33.127076],[-96.535452,33.124195],[-96.53507,33.122588],[-96.534873,33.118567],[-96.534135,33.115887],[-96.532376,33.114379],[-96.53221,33.105608],[-96.530786,33.10219000000001],[-96.53007100000002,33.098039],[-96.528277,33.093167],[-96.528223,33.087925],[-96.532878,33.081457],[-96.533657,33.078055],[-96.540273,33.078114],[-96.545295,33.078125],[-96.546394,33.073849],[-96.546449,33.073846],[-96.549532,33.074029],[-96.55984000000001,33.074251],[-96.559947,33.077871],[-96.568579,33.07776],[-96.574067,33.079723],[-96.574843,33.079763],[-96.574899,33.077846],[-96.573003,33.076645],[-96.57352600000002,33.074854],[-96.571902,33.074153],[-96.571637,33.073033],[-96.571275,33.071353],[-96.570372,33.068604],[-96.570202,33.066788],[-96.56994,33.061906],[-96.56861,33.05839],[-96.568396,33.056728],[-96.568378,33.055622],[-96.568389,33.054439],[-96.57014,33.054452],[-96.574729,33.054552],[-96.57570000000001,33.054757],[-96.575813,33.054777],[-96.577195,33.05499],[-96.585644,33.055017],[-96.58592000000002,33.055014],[-96.586008,33.053821],[-96.584586,33.052857],[-96.58037000000002,33.052735],[-96.580442,33.049739],[-96.579538,33.050425],[-96.578801,33.047346],[-96.579395,33.045207],[-96.58445400000001,33.04523],[-96.584466,33.04431],[-96.58595,33.044293],[-96.585915,33.04147],[-96.585903,33.040624],[-96.594653,33.040664],[-96.60320500000002,33.040734],[-96.603322,33.040734],[-96.603565,33.040737],[-96.603611,33.040737],[-96.605319,33.04075],[-96.610048,33.040778],[-96.611126,33.040906],[-96.612112,33.040889],[-96.612767,33.04083],[-96.615037,33.040824],[-96.629419,33.041013],[-96.629437,33.034274],[-96.630114,33.034435],[-96.634336,33.034582],[-96.635884,33.03414],[-96.637974,33.034055],[-96.639855,33.03373700000001],[-96.639089,33.035935],[-96.64041,33.037292],[-96.641824,33.037989],[-96.642859,33.039268],[-96.642281,33.041916],[-96.643574,33.043266],[-96.641224,33.044098],[-96.640969,33.049047],[-96.639432,33.049047],[-96.639366,33.05247],[-96.640026,33.053156],[-96.644204,33.052771],[-96.650388,33.053345],[-96.653149,33.051319],[-96.653803,33.050745],[-96.653961,33.050814],[-96.656687,33.05404],[-96.657092,33.055573],[-96.655049,33.057592],[-96.656319,33.060521],[-96.655789,33.062733],[-96.657187,33.064818],[-96.656989,33.066513],[-96.655325,33.068196],[-96.655207,33.071195],[-96.65511500000001,33.071527],[-96.655044,33.071688],[-96.654861,33.072023],[-96.654818,33.072153],[-96.65479,33.072356],[-96.654846,33.072664],[-96.654903,33.072795],[-96.65497,33.072861],[-96.655222,33.073137],[-96.656187,33.072843],[-96.657038,33.07264300000001],[-96.659887,33.072874],[-96.663457,33.072849],[-96.664161,33.072696],[-96.672859,33.072662],[-96.677064,33.072918],[-96.68218,33.073121],[-96.68395900000002,33.070897],[-96.684623,33.07372600000001],[-96.685506,33.073791]]]},"properties":{"zcta":"75002","city_names":["Allen","Murphy","Plano","Wylie"],"search_label":"75002 Allen / Murphy / Plano / Wylie","dem_votes":15633,"rep_votes":21499,"total_votes":38302,"total_major_party_votes":37132,"dem_share":0.421,"rep_share":0.579,"margin":-0.158,"winner":"Republican","precincts_assigned":20,"population":null,"median_age":null,"median_household_income":null,"white_non_hispanic_share":null,"black_non_hispanic_share":null,"asian_non_hispanic_share":null,"hispanic_share":null,"housing_units":null,"dominant_housing_era":null,"dominant_housing_era_share":null,"crime_year":2025,"crime_total":null,"robbery_count":null,"homicide_count":null,"aggravated_assault_count":null,"shooting_count":null,"violent_crime_rate_per_100k":null,"robbery_rate_per_100k":null,"homicide_rate_per_100k":null,"shooting_rate_per_100k":null,"politics_status":"Mapped","safety_status":"Needs Review","demographics_status":"Needs Review","needs_review":true,"source_label":"ACS 5-year ZCTA, Dallas OpenData incidents, 2024 presidential precinct returns"}},{"type":"Feature","geometry":{"bbox":[-96.944445,32.913766,-96.838601,32.988822],"type":"Polygon","coordinates":[[[-96.944248,32.966538],[-96.941989,32.968183],[-96.942029,32.968608],[-96.94259,32.970208],[-96.939036,32.969468],[-96.937171,32.970388],[-96.936711,32.971089],[-96.936916,32.973318],[-96.936,32.976729],[-96.936443,32.977511],[-96.938611,32.97799],[-96.939241,32.978727],[-96.937358,32.980032],[-96.935831,32.980241],[-96.935728,32.982004],[-96.93909800000002,32.982115],[-96.941133,32.983126],[-96.941101,32.986796],[-96.942445,32.9888],[-96.9415,32.988788],[-96.93988200000001,32.988822],[-96.93487,32.986021],[-96.930834,32.982276],[-96.929422,32.980763],[-96.926997,32.982469],[-96.925554,32.982819],[-96.925516,32.983457],[-96.920224,32.983423],[-96.920225,32.984724],[-96.917351,32.984673],[-96.913102,32.985277],[-96.913343,32.986932],[-96.910004,32.987789],[-96.909788,32.983382],[-96.903796,32.983895],[-96.897185,32.984421],[-96.890566,32.985327],[-96.890412,32.984912],[-96.88848,32.985216],[-96.884011,32.985169],[-96.876069,32.985149],[-96.875949,32.985543],[-96.871216,32.985611],[-96.869107,32.986042],[-96.867233,32.98685900000001],[-96.865951,32.987709],[-96.863725,32.987681],[-96.864466,32.987449],[-96.864223,32.986212],[-96.86423200000002,32.986671],[-96.863996,32.986735],[-96.86341100000001,32.986863],[-96.862954,32.986981],[-96.86301,32.98712200000001],[-96.86111200000002,32.987146],[-96.860721,32.986106],[-96.858135,32.987104],[-96.855627,32.987052],[-96.855621,32.987581],[-96.854871,32.987573],[-96.854882,32.987209],[-96.849049,32.987148],[-96.84715,32.987276],[-96.84638,32.987206],[-96.84219,32.987202],[-96.840831,32.987394],[-96.838955,32.98737],[-96.838916,32.987209],[-96.838871,32.983353],[-96.838869,32.98200800000001],[-96.838867,32.981198],[-96.841597,32.98109900000001],[-96.842763,32.980903],[-96.842883,32.980854],[-96.842933,32.971061],[-96.841811,32.968963],[-96.841936,32.968902],[-96.838601,32.964292],[-96.838623,32.95959],[-96.838793,32.959593],[-96.838869,32.958928],[-96.840005,32.959018],[-96.845313,32.959077],[-96.845964,32.959034],[-96.846653,32.958337],[-96.846835,32.956634],[-96.848086,32.956645],[-96.849877,32.95677],[-96.853984,32.957532],[-96.855493,32.95516],[-96.855673,32.954707],[-96.855801,32.953083],[-96.855929,32.95309],[-96.864197,32.953232],[-96.870721,32.953381],[-96.870966,32.948513],[-96.871071,32.948338],[-96.871134,32.94804200000001],[-96.871899,32.94635],[-96.881724,32.94633],[-96.88754800000001,32.946393],[-96.890418,32.946374],[-96.890438,32.944135],[-96.890454,32.943196],[-96.890569,32.939084],[-96.900618,32.939158],[-96.900705,32.938712],[-96.902135,32.93868500000001],[-96.90265,32.938617],[-96.902727,32.939173],[-96.908918,32.939138],[-96.910073,32.939176],[-96.909681,32.936826],[-96.909705,32.928438],[-96.911356,32.928396],[-96.915144,32.926994],[-96.915271,32.930646],[-96.920507,32.930639],[-96.920487,32.926786],[-96.921365,32.926609],[-96.925259,32.926589],[-96.925129,32.920750000000005],[-96.925229,32.918028],[-96.931579,32.917905],[-96.937507,32.913766],[-96.937696,32.913851],[-96.937877,32.914427],[-96.937279,32.917147],[-96.937864,32.919241],[-96.937314,32.921563],[-96.938115,32.92157000000001],[-96.937937,32.923125],[-96.936425,32.923913],[-96.935716,32.924682],[-96.93606200000002,32.925665],[-96.93684,32.926423],[-96.937241,32.927794],[-96.93673,32.927866],[-96.93604,32.927353],[-96.935171,32.927175],[-96.933505,32.927737],[-96.932849,32.928401],[-96.932987,32.929362],[-96.933513,32.929819],[-96.934301,32.930023],[-96.935992,32.930071],[-96.939986,32.932026],[-96.940171,32.932947],[-96.939112,32.934832],[-96.937581,32.935286],[-96.93566,32.934497],[-96.935559,32.934627],[-96.935237,32.934883],[-96.935226,32.934947],[-96.93519600000002,32.936678],[-96.93524500000001,32.937044],[-96.934721,32.938513],[-96.932812,32.940942],[-96.935208,32.947121],[-96.93745600000001,32.947426],[-96.93880300000001,32.948175],[-96.939557,32.949204],[-96.939592,32.949913],[-96.93887700000002,32.951348],[-96.93887700000002,32.951501],[-96.938847,32.951786],[-96.93882,32.952267],[-96.939093,32.952686],[-96.94193,32.955655],[-96.942455,32.956297],[-96.943452,32.958139],[-96.943886,32.963696],[-96.944445,32.966049],[-96.944248,32.966538]]]},"properties":{"zcta":"75006","city_names":["Addison","Carrollton","Coppell","Dallas","Farmers Branch"],"search_label":"75006 Addison / Carrollton / Coppell / Dallas / Farmers Branch","dem_votes":9137,"rep_votes":7316,"total_votes":16824,"total_major_party_votes":16453,"dem_share":0.5553,"rep_share":0.4447,"margin":0.1106,"winner":"Democratic","precincts_assigned":16,"population":null,"median_age":null,"median_household_income":null,"white_non_hispanic_share":null,"black_non_hispanic_share":null,"asian_non_hispanic_share":null,"hispanic_share":null,"housing_units":null,"dominant_housing_era":null,"dominant_housing_era_share":null,"crime_year":2025,"crime_total":3,"robbery_count":0,"homicide_count":0,"aggravated_assault_count":0,"shooting_count":0,"violent_crime_rate_per_100k":null,"robbery_rate_per_100k":null,"homicide_rate_per_100k":null,"shooting_rate_per_100k":null,"politics_status":"Mapped","safety_status":"Dallas OpenData","demographics_status":"Needs Review","needs_review":true,"source_label":"ACS 5-year ZCTA, Dallas OpenData incidents, 2024 presidential precinct returns"}},{"type":"Feature","geometry":{"bbox":[-96.948531,32.980763,-96.839166,33.027534],"type":"Polygon","coordinates":[[[-96.948531,32.993907],[-96.94833100000001,32.994146],[-96.94819200000002,32.994299],[-96.947412,32.994883],[-96.943757,32.994703],[-96.943655,32.99642],[-96.94321,32.99658],[-96.943012,32.996749],[-96.942727,32.99672],[-96.941157,32.996803],[-96.93970800000001,32.99789],[-96.939665,32.998706],[-96.93981,32.999011],[-96.939902,32.99915],[-96.940847,32.999941],[-96.94468,33.001199],[-96.944353,33.002217],[-96.939472,33.002392],[-96.938989,33.003535],[-96.939546,33.004594],[-96.940741,33.005606],[-96.93818,33.005977],[-96.9359,33.007317],[-96.935592,33.01108000000001],[-96.934589,33.011847],[-96.931311,33.01162],[-96.930327,33.012537],[-96.926087,33.013413],[-96.92575400000001,33.014758],[-96.926891,33.015467],[-96.922777,33.019761],[-96.921367,33.01936],[-96.922983,33.015189],[-96.921742,33.015036],[-96.919466,33.019989],[-96.915793,33.020671],[-96.915846,33.020823],[-96.913291,33.02144],[-96.907862,33.02382],[-96.906806,33.023939],[-96.903079,33.023958],[-96.899837,33.023952],[-96.89937,33.02393],[-96.89916000000001,33.02393],[-96.895575,33.02394700000001],[-96.894853,33.02407600000001],[-96.89392,33.02434],[-96.893523,33.024437],[-96.885004,33.024835],[-96.884446,33.024816],[-96.87879,33.02483],[-96.87454,33.02483],[-96.87089,33.02479],[-96.86931,33.024769],[-96.865043,33.024697],[-96.86433,33.02454],[-96.859677,33.024239],[-96.85855,33.024299],[-96.857336,33.024813],[-96.857113,33.024929],[-96.85656,33.025219],[-96.855219,33.025852],[-96.85447,33.026069],[-96.852484,33.026053],[-96.84759200000002,33.025886],[-96.843488,33.025858],[-96.84326600000001,33.025914],[-96.843267,33.025737],[-96.840005,33.027437],[-96.839196,33.027534],[-96.839205,33.025572],[-96.839166,33.018967],[-96.843373,33.019038],[-96.843374,33.018278],[-96.843585,33.016647],[-96.84358,33.016499],[-96.843648,33.015019],[-96.843703,33.012878],[-96.845218,33.012721],[-96.848136,33.011755],[-96.848629,33.011488],[-96.849321,33.011767],[-96.854594,33.011766],[-96.857192,33.011823],[-96.857367,33.011819],[-96.858911,33.011784],[-96.86069,33.0118],[-96.865954,33.011763],[-96.865959,33.007703],[-96.861998,33.00858],[-96.86157,33.01164],[-96.860679,33.011633],[-96.857321,33.011687],[-96.857287,33.009057],[-96.85852000000001,33.008639],[-96.85734100000002,33.0061],[-96.858167,33.006285],[-96.860639,33.007935],[-96.864836,33.006432],[-96.865954,33.005402],[-96.865956,33.002485],[-96.866182,33.002302],[-96.866367,33.001486],[-96.86742,33.001443],[-96.871407,33.000906],[-96.871754,33.000615],[-96.87278,32.997108],[-96.872806,32.996986],[-96.873821,32.993166],[-96.87478,32.989781],[-96.86728,32.98975],[-96.864084,32.989735],[-96.854797,32.989691],[-96.854871,32.987573],[-96.855621,32.987581],[-96.855627,32.987052],[-96.858135,32.987104],[-96.860721,32.986106],[-96.86111200000002,32.987146],[-96.86301,32.98712200000001],[-96.862954,32.986981],[-96.86341100000001,32.986863],[-96.863996,32.986735],[-96.86423200000002,32.986671],[-96.864223,32.986212],[-96.864466,32.987449],[-96.863725,32.987681],[-96.865951,32.987709],[-96.867233,32.98685900000001],[-96.869107,32.986042],[-96.871216,32.985611],[-96.875949,32.985543],[-96.876069,32.985149],[-96.884011,32.985169],[-96.88848,32.985216],[-96.890412,32.984912],[-96.890566,32.985327],[-96.897185,32.984421],[-96.903796,32.983895],[-96.909788,32.983382],[-96.910004,32.987789],[-96.913343,32.986932],[-96.913102,32.985277],[-96.917351,32.984673],[-96.920225,32.984724],[-96.920224,32.983423],[-96.925516,32.983457],[-96.925554,32.982819],[-96.926997,32.982469],[-96.929422,32.980763],[-96.930834,32.982276],[-96.93487,32.986021],[-96.93988200000001,32.988822],[-96.939472,32.988822],[-96.948344,32.993799],[-96.948531,32.993907]]]},"properties":{"zcta":"75007","city_names":["Carrollton","Dallas","Lewisville","Plano"],"search_label":"75007 Carrollton / Dallas / Lewisville / Plano","dem_votes":12069,"rep_votes":11644,"total_votes":24134,"total_major_party_votes":23713,"dem_share":0.509,"rep_share":0.491,"margin":0.018,"winner":"Democratic","precincts_assigned":13,"population":null,"median_age":null,"median_household_income":null,"white_non_hispanic_share":null,"black_non_hispanic_share":null,"asian_non_hispanic_share":null,"hispanic_share":null,"housing_units":null,"dominant_housing_era":null,"dominant_housing_era_share":null,"crime_year":2025,"crime_total":13,"robbery_count":0,"homicide_count":0,"aggravated_assault_count":0,"shooting_count":0,"violent_crime_rate_per_100k":null,"robbery_rate_per_100k":null,"homicide_rate_per_100k":null,"shooting_rate_per_100k":null,"politics_status":"Mapped","safety_status":"Dallas OpenData","demographics_status":"Needs Review","needs_review":true,"source_label":"ACS 5-year ZCTA, Dallas OpenData incidents, 2024 presidential precinct returns"}},{"type":"Feature","geometry":{"bbox":[-96.892761,33.262605,-96.618347,33.405498],"type":"Polygon","coordinates":[[[-96.892469,33.284671],[-96.89225,33.288395],[-96.888015,33.288322],[-96.88715100000002,33.289541],[-96.886978,33.29197],[-96.88618,33.293716],[-96.883318,33.296425],[-96.881963,33.29703],[-96.882314,33.299884],[-96.88028,33.300514],[-96.880921,33.30182],[-96.88189,33.301313],[-96.88335,33.30239100000001],[-96.882006,33.302242],[-96.879874,33.302968],[-96.879812,33.30469],[-96.878703,33.30422],[-96.878611,33.305642000000006],[-96.876425,33.306542],[-96.874101,33.306207],[-96.873536,33.307222],[-96.874813,33.308521],[-96.871279,33.309148],[-96.870121,33.310138],[-96.867774,33.31044700000001],[-96.867575,33.311345],[-96.869733,33.312292],[-96.867077,33.314157],[-96.86679500000001,33.31642],[-96.85385,33.31609],[-96.853232,33.32251],[-96.847275,33.322401],[-96.846015,33.32182],[-96.844735,33.321813],[-96.83622,33.321852],[-96.836223,33.32929500000001],[-96.835907,33.33882800000001],[-96.835362,33.354222],[-96.835295,33.356805],[-96.835013,33.367424],[-96.835143,33.367957],[-96.835135,33.368236],[-96.834458,33.392479],[-96.83411,33.405498],[-96.828658,33.405277],[-96.828646,33.405363],[-96.825052,33.405202],[-96.82207,33.405236],[-96.806634,33.40485],[-96.772156,33.403964],[-96.769312,33.403789],[-96.766079,33.403728],[-96.76164600000001,33.403664],[-96.761493,33.403663],[-96.759889,33.4036],[-96.759507,33.403588],[-96.753659,33.403472],[-96.745039,33.40326],[-96.741561,33.403174],[-96.740795,33.403177],[-96.727251,33.402918],[-96.656486,33.401331],[-96.657509,33.398732],[-96.655953,33.395401],[-96.656251,33.392716],[-96.65337100000002,33.389567],[-96.654454,33.388089],[-96.653989,33.386581],[-96.654405,33.383813],[-96.651898,33.383222],[-96.650438,33.382651],[-96.649662,33.380758],[-96.64610300000001,33.378856],[-96.645267,33.377451],[-96.645205,33.377402],[-96.645041,33.377254],[-96.645031,33.377086],[-96.645481,33.376871],[-96.645591,33.376728],[-96.64566100000002,33.376319],[-96.644609,33.375509],[-96.644837,33.375188],[-96.64513700000002,33.374868],[-96.645225,33.374663],[-96.645476,33.373488],[-96.645432,33.373263],[-96.645194,33.373112],[-96.645062,33.373091],[-96.643314,33.373821],[-96.64325,33.373657],[-96.64323,33.37337],[-96.643312,33.37286],[-96.643517,33.372625],[-96.64354000000002,33.372405],[-96.64349,33.372321],[-96.643084,33.372065],[-96.643088,33.371875],[-96.643362,33.371402],[-96.643414,33.371222],[-96.643375,33.371028],[-96.642499,33.369773],[-96.642636,33.369656],[-96.642905,33.369701],[-96.643205,33.370013],[-96.643455,33.370069],[-96.643692,33.369923],[-96.643721,33.369329],[-96.643352,33.369017],[-96.64159300000001,33.368707],[-96.641735,33.368491],[-96.642207,33.368001],[-96.642397,33.367744],[-96.642589,33.367337],[-96.642798,33.367077],[-96.64299,33.366501],[-96.643075,33.366335],[-96.64344,33.365997],[-96.643622,33.365768],[-96.643639,33.36559900000001],[-96.643564,33.365524],[-96.642725,33.365242],[-96.64224000000002,33.364793],[-96.642641,33.36417],[-96.64245900000002,33.364022],[-96.641825,33.364233],[-96.641453,33.364055],[-96.64142100000001,33.363537],[-96.640956,33.363339],[-96.640977,33.363131],[-96.641081,33.362963],[-96.641095,33.362521],[-96.640794,33.362313],[-96.640787,33.361994],[-96.640965,33.361742],[-96.641171,33.36157],[-96.641232,33.361432],[-96.641068,33.361243],[-96.64081900000001,33.361227],[-96.639528,33.361489],[-96.640204,33.360255],[-96.640167,33.360058],[-96.639307,33.359828],[-96.639021,33.35961],[-96.639046,33.35936],[-96.63938200000001,33.358789],[-96.639345,33.358632],[-96.639071,33.358435],[-96.638846,33.358424],[-96.63856,33.358747],[-96.637675,33.359308],[-96.637376,33.359298],[-96.637251,33.359099],[-96.637339,33.358987],[-96.637538,33.358601],[-96.638111,33.358238],[-96.63821100000001,33.358123],[-96.638298,33.357728],[-96.638273,33.357363],[-96.638161,33.357249],[-96.63627,33.356698],[-96.63832,33.356281],[-96.636685,33.354522],[-96.63642,33.354477],[-96.636213,33.354376],[-96.636075,33.354244],[-96.636023,33.354005],[-96.636026,33.353838],[-96.635864,33.353834],[-96.635344,33.351999000000006],[-96.635782,33.351874],[-96.636032,33.351613],[-96.636107,33.351225],[-96.63627,33.351028],[-96.63647,33.351007],[-96.636657,33.351028],[-96.636832,33.350934],[-96.63682,33.350819],[-96.636495,33.35013],[-96.63657,33.349942],[-96.63742,33.349753],[-96.63756400000001,33.349575],[-96.637535,33.349445],[-96.63747200000002,33.349444],[-96.635588,33.348291],[-96.634931,33.3472],[-96.634999,33.346813],[-96.635675,33.346692],[-96.635782,33.346627000000005],[-96.635598,33.345812],[-96.635966,33.345344],[-96.63585,33.344803],[-96.63528,33.344537],[-96.634825,33.344852],[-96.634293,33.344642],[-96.634052,33.343988],[-96.634351,33.343657],[-96.634342,33.343334000000006],[-96.634629,33.343169],[-96.635282,33.341302],[-96.633458,33.338783],[-96.634497,33.338929],[-96.634903,33.338916000000005],[-96.635135,33.338821],[-96.63522000000002,33.33863],[-96.634999,33.33794],[-96.634556,33.337411],[-96.634023,33.337451],[-96.63321,33.337184],[-96.633892,33.336709],[-96.634266,33.335818],[-96.633289,33.335559],[-96.633286,33.33554],[-96.633733,33.333257],[-96.633773,33.333066],[-96.633728,33.332802],[-96.633648,33.332658],[-96.633559,33.332594],[-96.633431,33.332566],[-96.633021,33.332563],[-96.632932,33.332554],[-96.63283,33.332503],[-96.632762,33.33231],[-96.632802,33.332206],[-96.63296800000002,33.332042],[-96.633004,33.33191],[-96.63297200000001,33.331764],[-96.63288,33.331646],[-96.632734,33.33157],[-96.63241,33.331491],[-96.63236200000001,33.331474],[-96.63231500000002,33.331387],[-96.6322787907369,33.3311560162585],[-96.632297,33.331026],[-96.63248900000002,33.330776],[-96.632511,33.330696],[-96.632472,33.33052],[-96.632359,33.33043],[-96.632283,33.330422],[-96.632049,33.330464],[-96.63166,33.330578],[-96.631566,33.330581],[-96.63145500000002,33.330503],[-96.63141000000002,33.33041],[-96.631415,33.330284],[-96.6315,33.330086],[-96.631528,33.329921],[-96.631511,33.329751],[-96.631477,33.329684],[-96.631387,33.329605],[-96.631223,33.32952],[-96.63108,33.329423],[-96.630963,33.329301],[-96.630862,33.329085],[-96.630766,33.328968],[-96.630708,33.328927],[-96.630563,33.328874],[-96.630346,33.328857],[-96.630217,33.328885],[-96.630051,33.328982],[-96.629814,33.328966],[-96.629551,33.329146],[-96.629189,33.329206],[-96.62866,33.329165],[-96.628408,33.329107],[-96.628685,33.327607],[-96.629972,33.327264],[-96.630257,33.326769],[-96.629617,33.326107],[-96.62738900000001,33.32526],[-96.627029,33.323862],[-96.624753,33.324581],[-96.62434,33.324205],[-96.623641,33.323956],[-96.6247552061287,33.3233934082355],[-96.624859,33.323341],[-96.624877,33.322875],[-96.624622,33.322654],[-96.624018,33.322459],[-96.624112,33.321945],[-96.62391,33.321525],[-96.6235299877463,33.3212180041934],[-96.623769,33.320658],[-96.623932,33.320486],[-96.623941,33.320234],[-96.623642,33.319887],[-96.623396,33.31980900000001],[-96.622767,33.319723],[-96.622246,33.319581],[-96.62176,33.319111],[-96.62123,33.319054],[-96.620963,33.319184],[-96.620528,33.319775],[-96.620074,33.31949],[-96.621939,33.317941],[-96.622678,33.318042],[-96.621731,33.316322],[-96.619668,33.315321],[-96.618347,33.312846],[-96.619656,33.311785],[-96.620157,33.312534],[-96.626453,33.311149],[-96.629208,33.30945],[-96.635975,33.307056],[-96.636025,33.316349],[-96.644452,33.316337],[-96.644476,33.315368],[-96.6497,33.315392],[-96.649629,33.316538],[-96.644944,33.316603],[-96.644487,33.318111],[-96.653645,33.318146],[-96.654213,33.317494],[-96.653558,33.315201],[-96.65947,33.315288],[-96.659521,33.317442],[-96.658885,33.319607],[-96.660187,33.319615],[-96.660239,33.305078],[-96.661964,33.305052],[-96.662103,33.296724],[-96.662173,33.292791],[-96.66924,33.293453],[-96.67083200000002,33.293447],[-96.673317,33.293329],[-96.679783,33.293261],[-96.68006,33.290899],[-96.693533,33.290984],[-96.696244,33.290889],[-96.731351,33.291445],[-96.730897,33.288992],[-96.730595,33.285278],[-96.730369,33.281779],[-96.730214,33.270578],[-96.732745,33.272329],[-96.736687,33.271883],[-96.738629,33.26838],[-96.743457,33.268538],[-96.743915,33.267819],[-96.744561,33.269219],[-96.744094,33.27278],[-96.739953,33.274335],[-96.738906,33.276172],[-96.738794,33.2791],[-96.745848,33.278092],[-96.745864,33.27713200000001],[-96.752358,33.277237],[-96.752377,33.277763],[-96.753221,33.27863],[-96.754137,33.284528],[-96.758082,33.284586],[-96.758056,33.286921],[-96.762151,33.286948],[-96.76218,33.277096],[-96.764943,33.277104],[-96.76506,33.271628],[-96.766716,33.271623],[-96.775829,33.271596],[-96.78399400000002,33.271741],[-96.78429900000002,33.262737],[-96.784305,33.262605],[-96.788725,33.262646],[-96.797156,33.262694],[-96.80032900000002,33.262715],[-96.799457,33.266237],[-96.801556,33.267012],[-96.801551,33.262695],[-96.815438,33.262777],[-96.81534,33.267308],[-96.815335,33.267581],[-96.815369,33.269528],[-96.815373,33.270982],[-96.815002,33.271505],[-96.815396,33.272669],[-96.815376,33.273498],[-96.815332,33.275365],[-96.815329,33.275526],[-96.815278,33.277312],[-96.815311,33.279809],[-96.816251,33.279769],[-96.816369,33.279259],[-96.816792,33.27917000000001],[-96.817957,33.279127],[-96.823367,33.279958],[-96.825055,33.278391000000006],[-96.825257,33.281065],[-96.831584,33.281206],[-96.831605,33.279369],[-96.837084,33.27941],[-96.837356,33.277084],[-96.83854300000002,33.277084],[-96.841489,33.277086],[-96.841932,33.277084],[-96.845543,33.277076],[-96.852495,33.277101],[-96.858965,33.277119],[-96.8646,33.27718],[-96.86448,33.284444],[-96.87653600000002,33.284562],[-96.876502,33.286703],[-96.885374,33.280199],[-96.886984,33.279724],[-96.892761,33.279818],[-96.892469,33.284671]]]},"properties":{"zcta":"75009","city_names":["McKinney"],"search_label":"75009 McKinney","dem_votes":5668,"rep_votes":13331,"total_votes":19343,"total_major_party_votes":18999,"dem_share":0.2983,"rep_share":0.7017,"margin":-0.4034,"winner":"Republican","precincts_assigned":8,"population":null,"median_age":null,"median_household_income":null,"white_non_hispanic_share":null,"black_non_hispanic_share":null,"asian_non_hispanic_share":null,"hispanic_share":null,"housing_units":null,"dominant_housing_era":null,"dominant_housing_era_share":null,"crime_year":2025,"crime_total":null,"robbery_count":null,"homicide_count":null,"aggravated_assault_count":null,"shooting_count":null,"violent_crime_rate_per_100k":null,"robbery_rate_per_100k":null,"homicide_rate_per_100k":null,"shooting_rate_per_100k":null,"politics_status":"Mapped","safety_status":"Needs Review","demographics_status":"Needs Review","needs_review":true,"source_label":"ACS 5-year ZCTA, Dallas OpenData incidents, 2024 presidential precinct returns"}},{"type":"Feature","geometry":{"bbox":[-96.951424,33.005003,-96.852286,33.055229000000004],"type":"MultiPolygon","coordinates":[[[[-96.894787,33.027084],[-96.894055,33.027079],[-96.89252700000002,33.02708],[-96.89252,33.029006],[-96.887322,33.029013],[-96.88726,33.03625],[-96.88705,33.036142],[-96.887079,33.04321],[-96.883387,33.042174],[-96.881422,33.041347],[-96.88127,33.041274],[-96.881086,33.041981],[-96.88103,33.044559],[-96.885544,33.044578],[-96.88708,33.044579],[-96.887881,33.04458],[-96.890561,33.04467],[-96.892544,33.045659],[-96.89339,33.0461],[-96.892977,33.046329],[-96.892618,33.046619],[-96.89254,33.053392],[-96.892302,33.053837],[-96.886939,33.053818],[-96.886927,33.047832],[-96.885431,33.047428],[-96.882574,33.047804],[-96.883483,33.052039],[-96.880689,33.051335],[-96.875883,33.051816],[-96.874543,33.051496],[-96.87454400000001,33.051344],[-96.872462,33.052346],[-96.87025300000002,33.04946],[-96.869753,33.048846],[-96.866487,33.050569],[-96.86540100000002,33.052667],[-96.865344,33.054226],[-96.865125,33.055229000000004],[-96.863956,33.05467],[-96.863349,33.053484],[-96.86275600000002,33.049234],[-96.862324,33.049369],[-96.8622,33.049264],[-96.861938,33.048888],[-96.861732,33.048675],[-96.861533,33.048392],[-96.861553,33.048238],[-96.860956,33.047919],[-96.86111200000002,33.046817],[-96.859524,33.04665],[-96.85977,33.04482900000001],[-96.860229,33.042003],[-96.860098,33.042003],[-96.855506,33.042],[-96.853684,33.041987],[-96.85318900000001,33.041308],[-96.853209,33.038083],[-96.853029,33.037397],[-96.853067,33.036922],[-96.855333,33.036912],[-96.855373,33.035479],[-96.855384,33.03315],[-96.856099,33.031069],[-96.854435,33.030996],[-96.85440100000001,33.029995],[-96.852286,33.02999],[-96.852484,33.026053],[-96.85447,33.026069],[-96.855219,33.025852],[-96.85656,33.025219],[-96.857113,33.024929],[-96.857336,33.024813],[-96.85855,33.024299],[-96.859677,33.024239],[-96.86433,33.02454],[-96.865043,33.024697],[-96.86931,33.024769],[-96.87089,33.02479],[-96.87454,33.02483],[-96.87879,33.02483],[-96.884446,33.024816],[-96.885004,33.024835],[-96.893523,33.024437],[-96.89392,33.02434],[-96.894853,33.02407600000001],[-96.894787,33.027084]]],[[[-96.951424,33.00589],[-96.949683,33.008448],[-96.948941,33.01014],[-96.950648,33.013112],[-96.950688,33.013198],[-96.94989,33.018286],[-96.946232,33.017969],[-96.94427,33.020642],[-96.944898,33.022951000000006],[-96.944635,33.026308],[-96.944395,33.033068],[-96.935941,33.034109],[-96.936009,33.039671],[-96.93159,33.039515],[-96.931613,33.041373],[-96.927371,33.041339],[-96.927121,33.041336],[-96.927122,33.041134],[-96.927124,33.040767],[-96.92714200000002,33.037536],[-96.927454,33.036829],[-96.924888,33.035848],[-96.925031,33.035631],[-96.924725,33.035529],[-96.922998,33.035034],[-96.922887,33.037513],[-96.918539,33.037489],[-96.918562,33.035262],[-96.916681,33.03528],[-96.916641,33.035179],[-96.91037500000002,33.035177],[-96.910116,33.035177],[-96.910134,33.034552],[-96.910462,33.03408],[-96.910649,33.033336],[-96.91098300000002,33.032972],[-96.910963,33.03234900000001],[-96.911108,33.031648],[-96.912243,33.03161600000001],[-96.91234,33.030955],[-96.914744,33.030933],[-96.914909,33.030563],[-96.915544,33.030438],[-96.916039,33.029296],[-96.916533,33.028124],[-96.917445,33.028156],[-96.917253,33.027488],[-96.917527,33.027347],[-96.917418,33.026944],[-96.916783,33.02711],[-96.916367,33.027189],[-96.915039,33.027181],[-96.9148,33.027101],[-96.91476,33.027088],[-96.91389000000001,33.027032],[-96.89936,33.02704],[-96.89937,33.02393],[-96.899837,33.023952],[-96.903079,33.023958],[-96.906806,33.023939],[-96.907862,33.02382],[-96.913291,33.02144],[-96.915846,33.020823],[-96.915793,33.020671],[-96.919466,33.019989],[-96.921742,33.015036],[-96.922983,33.015189],[-96.921367,33.01936],[-96.922777,33.019761],[-96.926891,33.015467],[-96.92575400000001,33.014758],[-96.926087,33.013413],[-96.930327,33.012537],[-96.931311,33.01162],[-96.934589,33.011847],[-96.935592,33.01108000000001],[-96.9359,33.007317],[-96.93818,33.005977],[-96.940741,33.005606],[-96.945714,33.006464],[-96.950079,33.005003],[-96.95127300000001,33.005598],[-96.951424,33.00589]]]]},"properties":{"zcta":"75010","city_names":["Carrollton","Lewisville","Plano","The Colony"],"search_label":"75010 Carrollton / Lewisville / Plano / The Colony","dem_votes":6217,"rep_votes":5460,"total_votes":11926,"total_major_party_votes":11677,"dem_share":0.5324,"rep_share":0.4676,"margin":0.0648,"winner":"Democratic","precincts_assigned":5,"population":null,"median_age":null,"median_household_income":null,"white_non_hispanic_share":null,"black_non_hispanic_share":null,"asian_non_hispanic_share":null,"hispanic_share":null,"housing_units":null,"dominant_housing_era":null,"dominant_housing_era_share":null,"crime_year":2025,"crime_total":null,"robbery_count":null,"homicide_count":null,"aggravated_assault_count":null,"shooting_count":null,"violent_crime_rate_per_100k":null,"robbery_rate_per_100k":null,"homicide_rate_per_100k":null,"shooting_rate_per_100k":null,"politics_status":"Mapped","safety_status":"Needs Review","demographics_status":"Needs Review","needs_review":true,"source_label":"ACS 5-year ZCTA, Dallas OpenData incidents, 2024 presidential precinct returns"}},{"type":"Feature","geometry":{"bbox":[-96.736575,33.073791,-96.645543,33.157801],"type":"Polygon","coordinates":[[[-96.736572,33.086168],[-96.736473,33.087517],[-96.73551700000002,33.088983],[-96.733604,33.091079],[-96.733442,33.093283],[-96.733352,33.100825],[-96.733355,33.105852],[-96.733303,33.115651],[-96.733487,33.117026],[-96.732036,33.122945],[-96.732763,33.125013],[-96.732899,33.125301],[-96.73253000000001,33.125428],[-96.721231,33.12935300000001],[-96.720108,33.129728],[-96.718628,33.130246],[-96.706986,33.13428],[-96.69943,33.137114],[-96.691612,33.140145000000004],[-96.691412,33.140233],[-96.682266,33.143727],[-96.68083,33.144245],[-96.679084,33.144922],[-96.663244,33.150939],[-96.655683,33.153917],[-96.65454400000002,33.154117],[-96.652132,33.155106],[-96.649142,33.156215],[-96.645543,33.157801],[-96.650633,33.143965],[-96.653527,33.13676400000001],[-96.659641,33.129908],[-96.66176,33.12761900000001],[-96.663377,33.125453],[-96.6652,33.12355],[-96.66650800000001,33.115578000000006],[-96.663773,33.115371],[-96.66516,33.11518],[-96.666575,33.115316],[-96.670027,33.102283],[-96.670538,33.101157],[-96.670299,33.101115],[-96.677368,33.086432],[-96.678626,33.084638],[-96.681814,33.081257],[-96.685506,33.073791],[-96.685709,33.075219],[-96.686229,33.075364],[-96.687957,33.077209],[-96.689202,33.07726],[-96.689586,33.077636],[-96.691123,33.07799],[-96.693643,33.078919],[-96.694624,33.080844],[-96.695928,33.08078600000001],[-96.696922,33.081775],[-96.697795,33.084648],[-96.698872,33.084412],[-96.699364,33.085521],[-96.700664,33.08594300000001],[-96.702295,33.087775],[-96.704889,33.088572],[-96.7071,33.088679],[-96.709034,33.08933],[-96.709113,33.089422],[-96.709238,33.089543],[-96.710898,33.086731],[-96.711878,33.084515],[-96.715506,33.085889],[-96.721144,33.085957],[-96.72447600000001,33.085968],[-96.731794,33.086011],[-96.735119,33.086056],[-96.736575,33.086022],[-96.736572,33.086168]]]},"properties":{"zcta":"75013","city_names":["Allen","Frisco","McKinney","Plano"],"search_label":"75013 Allen / Frisco / McKinney / Plano","dem_votes":11375,"rep_votes":11787,"total_votes":24155,"total_major_party_votes":23162,"dem_share":0.4911,"rep_share":0.5089,"margin":-0.0178,"winner":"Republican","precincts_assigned":9,"population":null,"median_age":null,"median_household_income":null,"white_non_hispanic_share":null,"black_non_hispanic_share":null,"asian_non_hispanic_share":null,"hispanic_share":null,"housing_units":null,"dominant_housing_era":null,"dominant_housing_era_share":null,"crime_year":2025,"crime_total":null,"robbery_count":null,"homicide_count":null,"aggravated_assault_count":null,"shooting_count":null,"violent_crime_rate_per_100k":null,"robbery_rate_per_100k":null,"homicide_rate_per_100k":null,"shooting_rate_per_100k":null,"politics_status":"Mapped","safety_status":"Needs Review","demographics_status":"Needs Review","needs_review":true,"source_label":"ACS 5-year ZCTA, Dallas OpenData incidents, 2024 presidential precinct returns"}},{"type":"Feature","geometry":{"bbox":[-97.031707,32.923703,-96.932812,32.993391],"type":"Polygon","coordinates":[[[-97.031438,32.969923],[-97.031432,32.970242],[-97.031385,32.972835],[-97.030493,32.972915],[-97.028814,32.973148],[-97.02808400000002,32.973173],[-97.020416,32.980375],[-97.015656,32.98503],[-97.009756,32.989418],[-97.01058200000001,32.989426],[-97.010873,32.989429],[-97.009963,32.989994],[-97.00774,32.991573],[-97.005806,32.993245],[-97.005336,32.993288],[-96.99334400000001,32.993391],[-96.993175,32.989443],[-96.993111,32.989319],[-96.993175,32.989319],[-96.993204,32.987065],[-96.991894,32.986535],[-96.990322,32.986284],[-96.987185,32.986474],[-96.985606,32.986974],[-96.98181,32.989219],[-96.981272,32.989214],[-96.978764,32.990882],[-96.97838,32.99045],[-96.975471,32.991916],[-96.97428000000001,32.992269],[-96.97375800000002,32.990713],[-96.97237600000001,32.990969],[-96.968422,32.990863],[-96.966672,32.989084],[-96.958665,32.989013],[-96.957708,32.989001],[-96.942445,32.9888],[-96.941101,32.986796],[-96.941133,32.983126],[-96.93909800000002,32.982115],[-96.935728,32.982004],[-96.935831,32.980241],[-96.937358,32.980032],[-96.939241,32.978727],[-96.938611,32.97799],[-96.936443,32.977511],[-96.936,32.976729],[-96.936916,32.973318],[-96.936711,32.971089],[-96.937171,32.970388],[-96.939036,32.969468],[-96.94259,32.970208],[-96.942029,32.968608],[-96.941989,32.968183],[-96.944248,32.966538],[-96.944445,32.966049],[-96.943886,32.963696],[-96.943452,32.958139],[-96.942455,32.956297],[-96.94193,32.955655],[-96.939093,32.952686],[-96.93882,32.952267],[-96.938847,32.951786],[-96.93887700000002,32.951501],[-96.93887700000002,32.951348],[-96.939592,32.949913],[-96.939557,32.949204],[-96.93880300000001,32.948175],[-96.93745600000001,32.947426],[-96.935208,32.947121],[-96.932812,32.940942],[-96.934721,32.938513],[-96.93524500000001,32.937044],[-96.93626,32.936797],[-96.937766,32.937911],[-96.938266,32.937423],[-96.941694,32.939297],[-96.942527,32.946157],[-96.943254,32.947062],[-96.944909,32.947921],[-96.949295,32.948071],[-96.955643,32.950477],[-96.958014,32.950241],[-96.959348,32.95029],[-96.959908,32.950246],[-96.960206,32.949691],[-96.961774,32.949122],[-96.966258,32.952709],[-96.968235,32.952728],[-96.968562,32.951721],[-96.96988,32.95173],[-96.969885,32.951644],[-96.970022,32.951633],[-96.970065,32.949425],[-96.970065,32.949155],[-96.968987,32.947526],[-96.968323,32.9475],[-96.967569,32.947477],[-96.967613,32.939689],[-96.967652,32.927321],[-96.967656,32.927149],[-96.967707,32.925344],[-96.968213,32.925331],[-96.972502,32.92544],[-96.973112,32.925448],[-96.99145,32.92572],[-96.993531,32.925721],[-96.993703,32.925714],[-96.993782,32.923703],[-96.997189,32.924954],[-97.000208,32.926724],[-97.002577,32.928762],[-97.008141,32.935276],[-97.012143,32.940042],[-97.014464,32.942168],[-97.017752,32.94421],[-97.022285,32.945853],[-97.022259,32.948795],[-97.02217,32.954979],[-97.031707,32.955001],[-97.031438,32.969923]]]},"properties":{"zcta":"75019","city_names":["Carrollton","Coppell","Dallas","Lewisville"],"search_label":"75019 Carrollton / Coppell / Dallas / Lewisville","dem_votes":10707,"rep_votes":10546,"total_votes":21995,"total_major_party_votes":21253,"dem_share":0.5038,"rep_share":0.4962,"margin":0.0076,"winner":"Democratic","precincts_assigned":19,"population":null,"median_age":null,"median_household_income":null,"white_non_hispanic_share":null,"black_non_hispanic_share":null,"asian_non_hispanic_share":null,"hispanic_share":null,"housing_units":null,"dominant_housing_era":null,"dominant_housing_era_share":null,"crime_year":2025,"crime_total":99,"robbery_count":0,"homicide_count":0,"aggravated_assault_count":0,"shooting_count":1,"violent_crime_rate_per_100k":null,"robbery_rate_per_100k":null,"homicide_rate_per_100k":null,"shooting_rate_per_100k":null,"politics_status":"Mapped","safety_status":"Dallas OpenData","demographics_status":"Needs Review","needs_review":true,"source_label":"ACS 5-year ZCTA, Dallas OpenData incidents, 2024 presidential precinct returns"}},{"type":"Feature","geometry":{"bbox":[-96.772039,33.037581,-96.690021,33.074118000000006],"type":"Polygon","coordinates":[[[-96.772039,33.071726],[-96.763398,33.071656],[-96.760624,33.071647],[-96.75896200000001,33.071626],[-96.750375,33.071751],[-96.74852100000001,33.071582],[-96.747816,33.071602],[-96.743306,33.071544],[-96.736766,33.07145],[-96.736756,33.071587],[-96.72735,33.07151],[-96.725053,33.071514],[-96.715781,33.071491],[-96.715345,33.073236],[-96.711836,33.073022],[-96.711909,33.070825],[-96.709597,33.070639],[-96.70953,33.07142],[-96.709362,33.071416],[-96.709403,33.072914],[-96.70486,33.074118000000006],[-96.702893,33.072266],[-96.701272,33.072876],[-96.70102,33.068905],[-96.698739,33.068804],[-96.698678,33.068063],[-96.696139,33.06832],[-96.69401100000002,33.068147],[-96.6916,33.066701],[-96.690021,33.066077],[-96.693808,33.057223],[-96.699515,33.046491],[-96.704263,33.037581],[-96.706553,33.0381],[-96.709025,33.0409],[-96.716059,33.041067],[-96.716235,33.041071],[-96.716246,33.040891],[-96.722837,33.040996],[-96.726474,33.040964],[-96.728935,33.040954],[-96.733321,33.04092],[-96.73349,33.04092],[-96.73592,33.04092700000001],[-96.743809,33.040954],[-96.743822,33.041127],[-96.753382,33.04112],[-96.753385,33.040976],[-96.76194500000001,33.041013],[-96.765317,33.041055],[-96.768634,33.041116],[-96.769884,33.041303],[-96.770391,33.045614],[-96.770351,33.04925],[-96.770328,33.051772],[-96.770371,33.056012],[-96.770399,33.060586],[-96.77039200000002,33.061925],[-96.770377,33.065291],[-96.770405,33.068185],[-96.772039,33.071726]]]},"properties":{"zcta":"75023","city_names":["Plano"],"search_label":"75023 Plano","dem_votes":10799,"rep_votes":10181,"total_votes":21668,"total_major_party_votes":20980,"dem_share":0.5147,"rep_share":0.4853,"margin":0.0294,"winner":"Democratic","precincts_assigned":11,"population":null,"median_age":null,"median_household_income":null,"white_non_hispanic_share":null,"black_non_hispanic_share":null,"asian_non_hispanic_share":null,"hispanic_share":null,"housing_units":null,"dominant_housing_era":null,"dominant_housing_era_share":null,"crime_year":2025,"crime_total":1,"robbery_count":0,"homicide_count":0,"aggravated_assault_count":0,"shooting_count":0,"violent_crime_rate_per_100k":null,"robbery_rate_per_100k":null,"homicide_rate_per_100k":null,"shooting_rate_per_100k":null,"politics_status":"Mapped","safety_status":"Dallas OpenData","demographics_status":"Needs Review","needs_review":true,"source_label":"ACS 5-year ZCTA, Dallas OpenData incidents, 2024 presidential precinct returns"}},{"type":"Feature","geometry":{"bbox":[-96.863163,33.054684,-96.76802,33.112402],"type":"Polygon","coordinates":[[[-96.863163,33.058629],[-96.862622,33.062219],[-96.861473,33.065119],[-96.861468,33.066464],[-96.862105,33.067841],[-96.86196,33.067709],[-96.860723,33.068572],[-96.859231,33.071172000000004],[-96.857549,33.072173],[-96.857171,33.07275],[-96.856285,33.075167],[-96.856259,33.075804],[-96.857087,33.077913],[-96.85777500000002,33.079598],[-96.855639,33.080566],[-96.85575,33.08133],[-96.855571,33.081411],[-96.850509,33.083808],[-96.841849,33.086456],[-96.841867,33.085576],[-96.827816,33.089524],[-96.8233,33.090737],[-96.82291000000001,33.090843],[-96.822703,33.090901],[-96.822465,33.090968],[-96.814419,33.093258],[-96.812075,33.094024],[-96.810261,33.094834],[-96.808709,33.095799],[-96.805389,33.097255],[-96.797817,33.10041],[-96.788161,33.10427000000001],[-96.784168,33.105955],[-96.768228,33.112319],[-96.76802,33.112402],[-96.768024,33.112081],[-96.768183,33.107159],[-96.771239,33.103887],[-96.771482,33.101004],[-96.771507,33.099102],[-96.77152,33.095705],[-96.771544,33.09330700000001],[-96.771628,33.085949],[-96.771707,33.0798],[-96.77181,33.078598],[-96.772039,33.071726],[-96.770405,33.068185],[-96.770377,33.065291],[-96.77039200000002,33.061925],[-96.770399,33.060586],[-96.770371,33.056012],[-96.771702,33.05594],[-96.780409,33.056252],[-96.789298,33.056371],[-96.795135,33.056466],[-96.795181,33.056626],[-96.795372,33.056632],[-96.803508,33.056745],[-96.806135,33.057052],[-96.807604,33.057649],[-96.809638,33.056566],[-96.819078,33.056558],[-96.820376,33.056519],[-96.823818,33.054684],[-96.82944700000002,33.054848],[-96.829289,33.05669],[-96.8256,33.056668],[-96.823947,33.058552],[-96.822289,33.062545],[-96.819425,33.063541],[-96.81877,33.065594],[-96.824566,33.065598],[-96.82505,33.065615],[-96.82550400000001,33.064175],[-96.829644,33.05804],[-96.830098,33.056677],[-96.832906,33.056658000000006],[-96.832895,33.057176],[-96.832863,33.05918],[-96.838542,33.059215],[-96.838358,33.057902],[-96.838374,33.056841],[-96.842504,33.05695],[-96.842367,33.060139],[-96.842773,33.060139],[-96.848806,33.060155],[-96.85353500000001,33.06077100000001],[-96.857169,33.060819],[-96.857413,33.06081300000001],[-96.857861,33.057844],[-96.862326,33.058369],[-96.86298,33.05859],[-96.863163,33.058629]]]},"properties":{"zcta":"75024","city_names":["Frisco","Plano","The Colony"],"search_label":"75024 Frisco / Plano / The Colony","dem_votes":9658,"rep_votes":8774,"total_votes":19070,"total_major_party_votes":18432,"dem_share":0.524,"rep_share":0.476,"margin":0.048,"winner":"Democratic","precincts_assigned":8,"population":null,"median_age":null,"median_household_income":null,"white_non_hispanic_share":null,"black_non_hispanic_share":null,"asian_non_hispanic_share":null,"hispanic_share":null,"housing_units":null,"dominant_housing_era":null,"dominant_housing_era_share":null,"crime_year":2025,"crime_total":2,"robbery_count":0,"homicide_count":0,"aggravated_assault_count":0,"shooting_count":0,"violent_crime_rate_per_100k":null,"robbery_rate_per_100k":null,"homicide_rate_per_100k":null,"shooting_rate_per_100k":null,"politics_status":"Mapped","safety_status":"Dallas OpenData","demographics_status":"Needs Review","needs_review":true,"source_label":"ACS 5-year ZCTA, Dallas OpenData incidents, 2024 presidential precinct returns"}},{"type":"Feature","geometry":{"bbox":[-96.772039,33.066077,-96.686229,33.125301],"type":"Polygon","coordinates":[[[-96.77181,33.078598],[-96.771707,33.0798],[-96.771628,33.085949],[-96.771544,33.09330700000001],[-96.77152,33.095705],[-96.771507,33.099102],[-96.771482,33.101004],[-96.771239,33.103887],[-96.768183,33.107159],[-96.768024,33.112081],[-96.76802,33.112402],[-96.75991400000001,33.115736],[-96.751759,33.118896],[-96.750686,33.119253],[-96.73602,33.124237],[-96.735452,33.124427],[-96.732899,33.125301],[-96.732763,33.125013],[-96.732036,33.122945],[-96.733487,33.117026],[-96.733303,33.115651],[-96.733355,33.105852],[-96.733352,33.100825],[-96.733442,33.093283],[-96.733604,33.091079],[-96.73551700000002,33.088983],[-96.736473,33.087517],[-96.736572,33.086168],[-96.736575,33.086022],[-96.735119,33.086056],[-96.731794,33.086011],[-96.72447600000001,33.085968],[-96.721144,33.085957],[-96.715506,33.085889],[-96.711878,33.084515],[-96.710898,33.086731],[-96.709238,33.089543],[-96.709113,33.089422],[-96.709034,33.08933],[-96.7071,33.088679],[-96.704889,33.088572],[-96.702295,33.087775],[-96.700664,33.08594300000001],[-96.699364,33.085521],[-96.698872,33.084412],[-96.697795,33.084648],[-96.696922,33.081775],[-96.695928,33.08078600000001],[-96.694624,33.080844],[-96.693643,33.078919],[-96.691123,33.07799],[-96.689586,33.077636],[-96.689202,33.07726],[-96.687957,33.077209],[-96.686229,33.075364],[-96.689278,33.067847],[-96.690021,33.066077],[-96.6916,33.066701],[-96.69401100000002,33.068147],[-96.696139,33.06832],[-96.698678,33.068063],[-96.698739,33.068804],[-96.70102,33.068905],[-96.701272,33.072876],[-96.702893,33.072266],[-96.70486,33.074118000000006],[-96.709403,33.072914],[-96.709362,33.071416],[-96.70953,33.07142],[-96.709597,33.070639],[-96.711909,33.070825],[-96.711836,33.073022],[-96.715345,33.073236],[-96.715781,33.071491],[-96.725053,33.071514],[-96.72735,33.07151],[-96.736756,33.071587],[-96.736766,33.07145],[-96.743306,33.071544],[-96.747816,33.071602],[-96.74852100000001,33.071582],[-96.750375,33.071751],[-96.75896200000001,33.071626],[-96.760624,33.071647],[-96.763398,33.071656],[-96.772039,33.071726],[-96.77181,33.078598]]]},"properties":{"zcta":"75025","city_names":["Allen","Frisco","Plano"],"search_label":"75025 Allen / Frisco / Plano","dem_votes":12533,"rep_votes":10576,"total_votes":24105,"total_major_party_votes":23109,"dem_share":0.5423,"rep_share":0.4577,"margin":0.0846,"winner":"Democratic","precincts_assigned":12,"population":null,"median_age":null,"median_household_income":null,"white_non_hispanic_share":null,"black_non_hispanic_share":null,"asian_non_hispanic_share":null,"hispanic_share":null,"housing_units":null,"dominant_housing_era":null,"dominant_housing_era_share":null,"crime_year":2025,"crime_total":null,"robbery_count":null,"homicide_count":null,"aggravated_assault_count":null,"shooting_count":null,"violent_crime_rate_per_100k":null,"robbery_rate_per_100k":null,"homicide_rate_per_100k":null,"shooting_rate_per_100k":null,"politics_status":"Mapped","safety_status":"Needs Review","demographics_status":"Needs Review","needs_review":true,"source_label":"ACS 5-year ZCTA, Dallas OpenData incidents, 2024 presidential precinct returns"}},{"type":"Feature","geometry":{"bbox":[-97.129095,32.984952,-97.02764,33.07381],"type":"Polygon","coordinates":[[[-97.129005,33.051108],[-97.128891,33.051109],[-97.119381,33.050912],[-97.119411,33.054501],[-97.109686,33.054726],[-97.10964,33.05838],[-97.09708,33.0583],[-97.096871,33.058548],[-97.096817,33.061838],[-97.095614,33.061858],[-97.095611,33.062088],[-97.094042,33.062536],[-97.094042,33.06262],[-97.092019,33.06261],[-97.08808,33.06259],[-97.08795,33.072029],[-97.08344,33.07201],[-97.081627,33.072269],[-97.07781,33.07372],[-97.07652000000002,33.07381],[-97.067409,33.073787],[-97.065764,33.073625],[-97.061861,33.072569],[-97.057565,33.071565],[-97.048533,33.071554],[-97.04456,33.070327],[-97.044473,33.065385],[-97.044628,33.060507],[-97.04453,33.049639000000006],[-97.044523,33.048934],[-97.044574,33.042267],[-97.04453,33.04209900000001],[-97.043636,33.042312],[-97.0361,33.042209],[-97.03618700000001,33.035593],[-97.036233,33.032468],[-97.036051,33.03246],[-97.036213,33.026262],[-97.036599,33.020753],[-97.036259,33.020761],[-97.035389,33.020755],[-97.035229,33.016885],[-97.033539,33.016894],[-97.033581,33.013475],[-97.02768,33.0135],[-97.02764,33.00967],[-97.02778500000001,32.99908],[-97.028239,32.998942],[-97.028339,32.989614],[-97.028594,32.989644],[-97.031007,32.989691],[-97.031044,32.987856],[-97.041057,32.987144],[-97.041062,32.984952],[-97.043124,32.985916],[-97.04446800000001,32.986306],[-97.046899,32.986615],[-97.057339,32.986773],[-97.059035,32.987299],[-97.0618,32.989904],[-97.06392,32.994576],[-97.065532,32.997793],[-97.068692,32.999982],[-97.06963900000001,33.001382],[-97.070769,33.005024],[-97.070729,33.010438],[-97.07071,33.013737],[-97.070617,33.017207],[-97.070749,33.025592],[-97.070677,33.030042],[-97.068028,33.030105],[-97.06787,33.03456],[-97.07054,33.034779],[-97.070595,33.033538],[-97.07363,33.03349],[-97.07526,33.03457],[-97.075665,33.036841],[-97.077208,33.037073],[-97.079506,33.036896],[-97.079502,33.038863],[-97.079335,33.039403],[-97.080261,33.040607],[-97.081499,33.04137],[-97.087362,33.041567],[-97.087346,33.039556],[-97.089312,33.039542],[-97.08927,33.037306],[-97.09025500000001,33.03732],[-97.090234,33.041559],[-97.092943,33.041554],[-97.092972,33.039772],[-97.094664,33.040505],[-97.094724,33.041556],[-97.094941,33.041547],[-97.0985,33.041671],[-97.104194,33.045350000000006],[-97.109803,33.046694],[-97.113161,33.046823],[-97.121231,33.046211],[-97.127076,33.046298],[-97.129095,33.046765],[-97.129005,33.051108]]]},"properties":{"zcta":"75028","city_names":["Lewisville"],"search_label":"75028 Lewisville","dem_votes":10505,"rep_votes":15508,"total_votes":26434,"total_major_party_votes":26013,"dem_share":0.4038,"rep_share":0.5962,"margin":-0.1924,"winner":"Republican","precincts_assigned":10,"population":null,"median_age":null,"median_household_income":null,"white_non_hispanic_share":null,"black_non_hispanic_share":null,"asian_non_hispanic_share":null,"hispanic_share":null,"housing_units":null,"dominant_housing_era":null,"dominant_housing_era_share":null,"crime_year":2025,"crime_total":1,"robbery_count":0,"homicide_count":0,"aggravated_assault_count":0,"shooting_count":0,"violent_crime_rate_per_100k":null,"robbery_rate_per_100k":null,"homicide_rate_per_100k":null,"shooting_rate_per_100k":null,"politics_status":"Mapped","safety_status":"Dallas OpenData","demographics_status":"Needs Review","needs_review":true,"source_label":"ACS 5-year ZCTA, Dallas OpenData incidents, 2024 presidential precinct returns"}},{"type":"Feature","geometry":{"bbox":[-96.51897,32.813242,-96.312064,32.923553],"type":"MultiPolygon","coordinates":[[[[-96.406713,32.920305],[-96.40668900000001,32.92216],[-96.400871,32.923553],[-96.400853,32.918028],[-96.400863,32.915255],[-96.407501,32.915356],[-96.406713,32.920305]]],[[[-96.495262,32.820939],[-96.49362,32.821098],[-96.492534,32.822242],[-96.490989,32.821481],[-96.491003,32.819037],[-96.493865,32.819025],[-96.495635,32.820205],[-96.495262,32.820939]]],[[[-96.518869,32.832728],[-96.518861,32.833525],[-96.5187,32.851675],[-96.518656,32.856686],[-96.518547,32.867224],[-96.516797,32.867734],[-96.515945,32.86941],[-96.510879,32.873252],[-96.512914,32.874072],[-96.515501,32.873415],[-96.51661,32.87427],[-96.514888,32.875693000000005],[-96.516192,32.87653],[-96.515434,32.877358],[-96.505539,32.882163],[-96.501181,32.884119],[-96.491755,32.88868900000001],[-96.488942,32.890005],[-96.489053,32.890126],[-96.483338,32.892844],[-96.480057,32.894289],[-96.475724,32.895615],[-96.47136600000002,32.891838],[-96.470983,32.893983],[-96.465835,32.892583],[-96.463149,32.89498],[-96.465036,32.898437],[-96.46367,32.898819],[-96.462802,32.897394],[-96.460808,32.896712],[-96.456577,32.900328],[-96.455377,32.899288],[-96.449341,32.902667],[-96.446937,32.90466],[-96.448581,32.907123],[-96.450016,32.909272],[-96.446737,32.912335],[-96.44481900000001,32.913248],[-96.418283,32.919769],[-96.418284,32.919573],[-96.418292,32.915442],[-96.415615,32.915573],[-96.413078,32.916832],[-96.409658,32.916816],[-96.409616,32.908516],[-96.402282,32.908533],[-96.400897,32.907283],[-96.400861,32.905979],[-96.40062100000002,32.904728],[-96.38939600000002,32.904594],[-96.38874,32.904587],[-96.388684,32.911299],[-96.376602,32.9112],[-96.37638,32.904545],[-96.376675,32.895967],[-96.374876,32.896065],[-96.375074,32.89291],[-96.375916,32.891993],[-96.380701,32.89101],[-96.377674,32.889963],[-96.375074,32.89267],[-96.370736,32.893271],[-96.37075,32.892662],[-96.374904,32.892659],[-96.374967,32.885362],[-96.369576,32.885331],[-96.371576,32.883718],[-96.369718,32.882116],[-96.368068,32.885201],[-96.366652,32.886094],[-96.364979,32.889223],[-96.36492500000001,32.891361],[-96.36197500000002,32.897092],[-96.361183,32.899847],[-96.352085,32.899762],[-96.349749,32.899743],[-96.349666,32.892827],[-96.36198300000001,32.892753],[-96.361911,32.885366],[-96.35296500000001,32.885254],[-96.359866,32.87943],[-96.36327500000002,32.876594],[-96.36747200000002,32.873167],[-96.370712,32.870472],[-96.365943,32.866275],[-96.36616,32.865741],[-96.368686,32.863633],[-96.369586,32.862921],[-96.36968500000002,32.862717],[-96.36958,32.862592],[-96.368804,32.861926],[-96.356738,32.851593],[-96.318883,32.819525],[-96.318107,32.818414],[-96.314923,32.816624],[-96.312064,32.814169],[-96.350542,32.814012],[-96.352102,32.819054],[-96.35342,32.818545],[-96.359019,32.813949],[-96.369763,32.813905],[-96.379681,32.813724],[-96.380833,32.813744],[-96.385085,32.814183],[-96.393156,32.814086],[-96.418662,32.813854],[-96.43285700000001,32.813726],[-96.448538,32.813543],[-96.457024,32.820864],[-96.45229,32.824738],[-96.452465,32.825574],[-96.452454,32.827348],[-96.450386,32.82784],[-96.449107,32.830087],[-96.450434,32.834234],[-96.452076,32.835219],[-96.458785,32.829776],[-96.459745,32.829265],[-96.464428,32.833354],[-96.463333,32.834449],[-96.464449,32.835419],[-96.46914,32.831271],[-96.471996,32.829399],[-96.47379800000002,32.827516],[-96.473478,32.82337],[-96.474024,32.821899],[-96.477738,32.82214100000001],[-96.480299,32.819859],[-96.482983,32.820296],[-96.481811,32.822203],[-96.484093,32.822543],[-96.487449,32.82279100000001],[-96.488985,32.825325],[-96.49093,32.822851],[-96.491208,32.822802],[-96.491375,32.822924],[-96.492996,32.82326],[-96.493719,32.821612],[-96.495675,32.82184],[-96.496382,32.820238],[-96.492999,32.817769],[-96.490374,32.818058],[-96.491925,32.816174],[-96.489328,32.813242],[-96.48998,32.813257],[-96.490435,32.813268],[-96.51897,32.813616],[-96.518869,32.832728]]]]},"properties":{"zcta":"75032","city_names":["Dallas"],"search_label":"75032 Dallas","dem_votes":5549,"rep_votes":14643,"total_votes":20473,"total_major_party_votes":20192,"dem_share":0.2748,"rep_share":0.7252,"margin":-0.4504,"winner":"Republican","precincts_assigned":8,"population":null,"median_age":null,"median_household_income":null,"white_non_hispanic_share":null,"black_non_hispanic_share":null,"asian_non_hispanic_share":null,"hispanic_share":null,"housing_units":null,"dominant_housing_era":null,"dominant_housing_era_share":null,"crime_year":2025,"crime_total":null,"robbery_count":null,"homicide_count":null,"aggravated_assault_count":null,"shooting_count":null,"violent_crime_rate_per_100k":null,"robbery_rate_per_100k":null,"homicide_rate_per_100k":null,"shooting_rate_per_100k":null,"politics_status":"Mapped","safety_status":"Needs Review","demographics_status":"Needs Review","needs_review":true,"source_label":"ACS 5-year ZCTA, Dallas OpenData incidents, 2024 presidential precinct returns"}},{"type":"Feature","geometry":{"bbox":[-96.899554,33.145709,-96.8019,33.219386],"type":"Polygon","coordinates":[[[-96.89919,33.158063],[-96.896871,33.15878],[-96.895579,33.160567],[-96.893195,33.161741],[-96.891994,33.16436],[-96.890593,33.164739],[-96.889717,33.165501],[-96.885864,33.166716],[-96.882629,33.166778],[-96.882112,33.167489],[-96.88195100000002,33.178184],[-96.881942,33.178339],[-96.887137,33.178468],[-96.88733,33.178471],[-96.88727,33.17951],[-96.887147,33.184219],[-96.88714,33.184459],[-96.887017,33.189901],[-96.886381,33.191724],[-96.886077,33.192265],[-96.88071,33.20179],[-96.880439,33.203902],[-96.8804,33.206507],[-96.880462,33.21093],[-96.880345,33.21906],[-96.87258,33.219099],[-96.860664,33.219181],[-96.83880300000001,33.219386],[-96.802866,33.218922],[-96.8019,33.218918],[-96.801986,33.218625],[-96.802475,33.216291],[-96.802561,33.215224000000006],[-96.802732,33.196805],[-96.802858,33.196798],[-96.802918,33.18965],[-96.803054,33.178812],[-96.803058,33.174656],[-96.803058,33.17446],[-96.803205,33.163196],[-96.803374,33.152881],[-96.804523,33.152503],[-96.808859,33.150045],[-96.810587,33.149793],[-96.820718,33.149934],[-96.82740800000002,33.151187],[-96.828767,33.152431],[-96.828784,33.152363],[-96.83208,33.152898],[-96.837521,33.152673],[-96.837216,33.150485],[-96.839378,33.150266],[-96.838788,33.145709],[-96.839603,33.145888],[-96.840455,33.151874],[-96.840428,33.15252],[-96.846546,33.15265],[-96.848021,33.152805],[-96.848652,33.152887],[-96.855487,33.152921],[-96.857767,33.152928],[-96.864124,33.153026],[-96.87199700000001,33.153159],[-96.872111,33.15316],[-96.87312100000001,33.153109],[-96.878587,33.153191],[-96.890753,33.153371],[-96.890756,33.153561],[-96.89796,33.15458],[-96.899554,33.1546],[-96.89919,33.158063]]]},"properties":{"zcta":"75033","city_names":["Frisco"],"search_label":"75033 Frisco","dem_votes":9693,"rep_votes":12685,"total_votes":22879,"total_major_party_votes":22378,"dem_share":0.4331,"rep_share":0.5669,"margin":-0.1338,"winner":"Republican","precincts_assigned":10,"population":null,"median_age":null,"median_household_income":null,"white_non_hispanic_share":null,"black_non_hispanic_share":null,"asian_non_hispanic_share":null,"hispanic_share":null,"housing_units":null,"dominant_housing_era":null,"dominant_housing_era_share":null,"crime_year":2025,"crime_total":null,"robbery_count":null,"homicide_count":null,"aggravated_assault_count":null,"shooting_count":null,"violent_crime_rate_per_100k":null,"robbery_rate_per_100k":null,"homicide_rate_per_100k":null,"shooting_rate_per_100k":null,"politics_status":"Mapped","safety_status":"Needs Review","demographics_status":"Needs Review","needs_review":true,"source_label":"ACS 5-year ZCTA, Dallas OpenData incidents, 2024 presidential precinct returns"}},{"type":"Feature","geometry":{"bbox":[-96.891525,33.08133,-96.797817,33.153026],"type":"Polygon","coordinates":[[[-96.891517,33.110412],[-96.888964,33.110975],[-96.889122,33.109782],[-96.886928,33.112507],[-96.88423,33.112465],[-96.884093,33.113526],[-96.881421,33.112927],[-96.880322,33.11417],[-96.878958,33.113448],[-96.876495,33.1145],[-96.875229,33.113827],[-96.872317,33.115937],[-96.870312,33.115932],[-96.882555,33.116033],[-96.880865,33.118511],[-96.877312,33.12042900000001],[-96.877289,33.1209],[-96.872123,33.121073],[-96.872125,33.121136],[-96.872275,33.121132],[-96.871749,33.123272],[-96.869681,33.125961],[-96.86937,33.13308],[-96.868992,33.135804],[-96.864993,33.139992],[-96.864765,33.143934],[-96.864746,33.145409],[-96.8647,33.149051],[-96.864124,33.153026],[-96.857767,33.152928],[-96.855487,33.152921],[-96.848652,33.152887],[-96.848021,33.152805],[-96.846546,33.15265],[-96.840428,33.15252],[-96.840455,33.151874],[-96.839603,33.145888],[-96.838788,33.145709],[-96.839378,33.150266],[-96.837216,33.150485],[-96.837521,33.152673],[-96.83208,33.152898],[-96.828784,33.152363],[-96.828767,33.152431],[-96.82740800000002,33.151187],[-96.820718,33.149934],[-96.810587,33.149793],[-96.808859,33.150045],[-96.804523,33.152503],[-96.803374,33.152881],[-96.80414100000002,33.14967],[-96.804515,33.147487],[-96.80457,33.145803],[-96.801996,33.145697],[-96.802039,33.139046],[-96.803749,33.139094],[-96.804401,33.139065],[-96.80414,33.135661],[-96.804177,33.133907],[-96.804232,33.133419],[-96.803478,33.133204],[-96.801984,33.130914],[-96.799669,33.130661],[-96.798889,33.129812],[-96.80156,33.129666],[-96.80267500000001,33.129126],[-96.802209,33.12847],[-96.804959,33.128351],[-96.804993,33.128141],[-96.803309,33.128031],[-96.802137,33.128304],[-96.801797,33.12757800000001],[-96.801883,33.126911],[-96.802206,33.126485],[-96.80301300000002,33.126146],[-96.803595,33.126173],[-96.80525,33.126534],[-96.805433,33.121173],[-96.805435,33.120958],[-96.803203,33.119874],[-96.803182,33.116051],[-96.802364,33.116094],[-96.803923,33.113382],[-96.805529,33.113144],[-96.805587,33.109181],[-96.80128300000001,33.109144],[-96.800736,33.105298],[-96.804308,33.10476],[-96.804021,33.102913],[-96.805475,33.1028],[-96.805452,33.102501],[-96.805252,33.100952],[-96.802341,33.100366],[-96.801288,33.099424],[-96.797817,33.10041],[-96.805389,33.097255],[-96.808709,33.095799],[-96.810261,33.094834],[-96.812075,33.094024],[-96.814419,33.093258],[-96.822465,33.090968],[-96.822703,33.090901],[-96.82291000000001,33.090843],[-96.8233,33.090737],[-96.827816,33.089524],[-96.841867,33.085576],[-96.841849,33.086456],[-96.850509,33.083808],[-96.855571,33.081411],[-96.85575,33.08133],[-96.85690900000002,33.091054],[-96.856347,33.094491],[-96.855681,33.097709],[-96.854052,33.105085],[-96.853386,33.106348],[-96.860161,33.106308],[-96.860658,33.106729],[-96.860647,33.108264],[-96.869209,33.108284],[-96.869197,33.105476],[-96.872175,33.105474],[-96.872554,33.105463],[-96.881896,33.105403],[-96.887973,33.10546],[-96.890424,33.106794],[-96.891467,33.107363],[-96.891525,33.109623],[-96.891517,33.110412]]]},"properties":{"zcta":"75034","city_names":["Frisco","Plano","The Colony"],"search_label":"75034 Frisco / Plano / The Colony","dem_votes":9004,"rep_votes":12031,"total_votes":21504,"total_major_party_votes":21035,"dem_share":0.428,"rep_share":0.572,"margin":-0.144,"winner":"Republican","precincts_assigned":10,"population":null,"median_age":null,"median_household_income":null,"white_non_hispanic_share":null,"black_non_hispanic_share":null,"asian_non_hispanic_share":null,"hispanic_share":null,"housing_units":null,"dominant_housing_era":null,"dominant_housing_era_share":null,"crime_year":2025,"crime_total":null,"robbery_count":null,"homicide_count":null,"aggravated_assault_count":null,"shooting_count":null,"violent_crime_rate_per_100k":null,"robbery_rate_per_100k":null,"homicide_rate_per_100k":null,"shooting_rate_per_100k":null,"politics_status":"Mapped","safety_status":"Needs Review","demographics_status":"Needs Review","needs_review":true,"source_label":"ACS 5-year ZCTA, Dallas OpenData incidents, 2024 presidential precinct returns"}},{"type":"Feature","geometry":{"bbox":[-96.805587,33.099424,-96.732762,33.218918],"type":"Polygon","coordinates":[[[-96.805529,33.113144],[-96.803923,33.113382],[-96.802364,33.116094],[-96.803182,33.116051],[-96.803203,33.119874],[-96.805435,33.120958],[-96.805433,33.121173],[-96.80525,33.126534],[-96.803595,33.126173],[-96.80301300000002,33.126146],[-96.802206,33.126485],[-96.801883,33.126911],[-96.801797,33.12757800000001],[-96.802137,33.128304],[-96.803309,33.128031],[-96.804993,33.128141],[-96.804959,33.128351],[-96.802209,33.12847],[-96.80267500000001,33.129126],[-96.80156,33.129666],[-96.798889,33.129812],[-96.799669,33.130661],[-96.801984,33.130914],[-96.803478,33.133204],[-96.804232,33.133419],[-96.804177,33.133907],[-96.80414,33.135661],[-96.804401,33.139065],[-96.803749,33.139094],[-96.802039,33.139046],[-96.801996,33.145697],[-96.80457,33.145803],[-96.804515,33.147487],[-96.80414100000002,33.14967],[-96.803374,33.152881],[-96.803205,33.163196],[-96.803058,33.17446],[-96.803058,33.174656],[-96.803054,33.178812],[-96.802918,33.18965],[-96.802858,33.196798],[-96.802732,33.196805],[-96.802561,33.215224000000006],[-96.802475,33.216291],[-96.801986,33.218625],[-96.8019,33.218918],[-96.784868,33.218854],[-96.784097,33.218849],[-96.767615,33.218746],[-96.767674,33.210762],[-96.767674,33.205954],[-96.767702,33.203697],[-96.76775,33.197966],[-96.767502,33.197965],[-96.767506,33.196498],[-96.762409,33.196414],[-96.762444,33.193857],[-96.762497,33.189077],[-96.763497,33.189091],[-96.767818,33.189144],[-96.767818,33.189118],[-96.767825,33.189022],[-96.767898,33.182016],[-96.757981,33.181902],[-96.757469,33.182264],[-96.750092,33.182186],[-96.750107,33.18166],[-96.741579,33.181619],[-96.74151,33.185329],[-96.73296000000002,33.185238],[-96.73291,33.186197],[-96.732864,33.185238],[-96.732829,33.184735],[-96.732791,33.181616],[-96.732762,33.179764],[-96.732902,33.174361],[-96.732904,33.174154],[-96.73291900000001,33.169945],[-96.733021,33.169421],[-96.733052,33.16865000000001],[-96.733149,33.159525],[-96.733242,33.152235],[-96.733243,33.152052],[-96.733355,33.137752],[-96.733342,33.137551],[-96.733108,33.132738],[-96.733421,33.126633],[-96.732899,33.125301],[-96.735452,33.124427],[-96.73602,33.124237],[-96.750686,33.119253],[-96.751759,33.118896],[-96.75991400000001,33.115736],[-96.76802,33.112402],[-96.768228,33.112319],[-96.784168,33.105955],[-96.788161,33.10427000000001],[-96.797817,33.10041],[-96.801288,33.099424],[-96.802341,33.100366],[-96.805252,33.100952],[-96.805452,33.102501],[-96.805475,33.1028],[-96.804021,33.102913],[-96.804308,33.10476],[-96.800736,33.105298],[-96.80128300000001,33.109144],[-96.805587,33.109181],[-96.805529,33.113144]]]},"properties":{"zcta":"75035","city_names":["Frisco","McKinney"],"search_label":"75035 Frisco / McKinney","dem_votes":17756,"rep_votes":18892,"total_votes":38089,"total_major_party_votes":36648,"dem_share":0.4845,"rep_share":0.5155,"margin":-0.031,"winner":"Republican","precincts_assigned":14,"population":null,"median_age":null,"median_household_income":null,"white_non_hispanic_share":null,"black_non_hispanic_share":null,"asian_non_hispanic_share":null,"hispanic_share":null,"housing_units":null,"dominant_housing_era":null,"dominant_housing_era_share":null,"crime_year":2025,"crime_total":null,"robbery_count":null,"homicide_count":null,"aggravated_assault_count":null,"shooting_count":null,"violent_crime_rate_per_100k":null,"robbery_rate_per_100k":null,"homicide_rate_per_100k":null,"shooting_rate_per_100k":null,"politics_status":"Mapped","safety_status":"Needs Review","demographics_status":"Needs Review","needs_review":true,"source_label":"ACS 5-year ZCTA, Dallas OpenData incidents, 2024 presidential precinct returns"}},{"type":"Feature","geometry":{"bbox":[-96.97094500000001,33.09999,-96.864124,33.164375],"type":"Polygon","coordinates":[[[-96.97094500000001,33.1177],[-96.967227,33.12164200000001],[-96.961005,33.130569],[-96.959698,33.13195],[-96.954416,33.134889],[-96.952874,33.135538],[-96.94884900000001,33.137238],[-96.941912,33.140242],[-96.936423,33.144295],[-96.935368,33.146217],[-96.933181,33.15495700000001],[-96.93233600000002,33.156595],[-96.930375,33.159139],[-96.928651,33.160657],[-96.924367,33.164031],[-96.922767,33.164375],[-96.919322,33.16165],[-96.917733,33.161693],[-96.916058,33.160943],[-96.91317,33.160753],[-96.912349,33.159959],[-96.91111,33.160522],[-96.908898,33.159492],[-96.905863,33.159495],[-96.900528,33.157825],[-96.89919,33.158063],[-96.899554,33.1546],[-96.89796,33.15458],[-96.890756,33.153561],[-96.890753,33.153371],[-96.878587,33.153191],[-96.87312100000001,33.153109],[-96.872111,33.15316],[-96.87199700000001,33.153159],[-96.864124,33.153026],[-96.8647,33.149051],[-96.864746,33.145409],[-96.864765,33.143934],[-96.864993,33.139992],[-96.868992,33.135804],[-96.86937,33.13308],[-96.869681,33.125961],[-96.871749,33.123272],[-96.872275,33.121132],[-96.872125,33.121136],[-96.872123,33.121073],[-96.877289,33.1209],[-96.877312,33.12042900000001],[-96.880865,33.118511],[-96.882555,33.116033],[-96.870312,33.115932],[-96.872317,33.115937],[-96.875229,33.113827],[-96.876495,33.1145],[-96.878958,33.113448],[-96.880322,33.11417],[-96.881421,33.112927],[-96.884093,33.113526],[-96.88423,33.112465],[-96.886928,33.112507],[-96.889122,33.109782],[-96.888964,33.110975],[-96.891517,33.110412],[-96.891525,33.109623],[-96.891467,33.107363],[-96.891543,33.10737],[-96.892008,33.10741],[-96.892018,33.107644],[-96.892039,33.109562],[-96.892044,33.109877],[-96.892359,33.109877],[-96.892605,33.109875],[-96.897978,33.109832],[-96.897914,33.112748],[-96.897888,33.113765],[-96.899216,33.114673],[-96.901112,33.112857],[-96.904238,33.112859],[-96.905403,33.115234],[-96.905111,33.120244],[-96.905174,33.120246],[-96.90517500000001,33.120426],[-96.905151,33.122585],[-96.90509300000001,33.123588],[-96.905088,33.124521],[-96.905079,33.126257],[-96.905813,33.126081],[-96.907244,33.126303],[-96.90730400000001,33.123725],[-96.911418,33.126475],[-96.912798,33.126708],[-96.91115100000002,33.124393],[-96.917575,33.120742],[-96.91926000000001,33.121405],[-96.92125000000001,33.118401],[-96.9245,33.117031],[-96.925507,33.115919],[-96.93004,33.115258],[-96.930558,33.112213],[-96.929602,33.110715],[-96.932827,33.110564],[-96.93459000000001,33.107787],[-96.935323,33.107661],[-96.935032,33.108516],[-96.934517,33.108744],[-96.933887,33.109192],[-96.933116,33.110398],[-96.932563,33.110754],[-96.930939,33.111129],[-96.931339,33.112769],[-96.93042800000002,33.114886000000006],[-96.931309,33.116211],[-96.930871,33.116946],[-96.932416,33.117299],[-96.934603,33.118578],[-96.935927,33.120654],[-96.937694,33.120789],[-96.941441,33.120887],[-96.945433,33.115209],[-96.95195,33.108629],[-96.958975,33.103101],[-96.96443,33.100028],[-96.96947,33.09999],[-96.969625,33.114353],[-96.970309,33.116678],[-96.97094500000001,33.1177]]]},"properties":{"zcta":"75036","city_names":["Frisco","The Colony"],"search_label":"75036 Frisco / The Colony","dem_votes":8060,"rep_votes":9508,"total_votes":17905,"total_major_party_votes":17568,"dem_share":0.4588,"rep_share":0.5412,"margin":-0.0824,"winner":"Republican","precincts_assigned":12,"population":null,"median_age":null,"median_household_income":null,"white_non_hispanic_share":null,"black_non_hispanic_share":null,"asian_non_hispanic_share":null,"hispanic_share":null,"housing_units":null,"dominant_housing_era":null,"dominant_housing_era_share":null,"crime_year":2025,"crime_total":null,"robbery_count":null,"homicide_count":null,"aggravated_assault_count":null,"shooting_count":null,"violent_crime_rate_per_100k":null,"robbery_rate_per_100k":null,"homicide_rate_per_100k":null,"shooting_rate_per_100k":null,"politics_status":"Mapped","safety_status":"Needs Review","demographics_status":"Needs Review","needs_review":true,"source_label":"ACS 5-year ZCTA, Dallas OpenData incidents, 2024 presidential precinct returns"}},{"type":"Feature","geometry":{"bbox":[-96.975296,32.840548,-96.90617200000001,32.918956],"type":"Polygon","coordinates":[[[-96.972585,32.918871],[-96.958718,32.915705],[-96.952824,32.914356],[-96.943324,32.912209],[-96.941,32.911666],[-96.931075,32.90943],[-96.931122,32.908838],[-96.931813,32.907334],[-96.931514,32.9069],[-96.929949,32.905997],[-96.929015,32.90584],[-96.9281268432843,32.9055073627385],[-96.927566,32.905114],[-96.92709900000001,32.904546],[-96.926655,32.903603],[-96.926608,32.903054],[-96.9268,32.902628],[-96.92753,32.901287],[-96.927448,32.900551],[-96.927307,32.900104],[-96.928068,32.899545],[-96.928452,32.896043],[-96.928373,32.89604],[-96.928376,32.895688],[-96.928124,32.894698],[-96.927229,32.893569],[-96.926946,32.892342],[-96.927653,32.891215],[-96.93081,32.89068100000001],[-96.929939,32.887772],[-96.930221,32.886803],[-96.93114,32.88608800000001],[-96.932036,32.884251],[-96.931443,32.883144],[-96.931281,32.883071],[-96.929026,32.88351],[-96.928164,32.883328],[-96.927822,32.882845],[-96.928271,32.881562],[-96.92941,32.880215],[-96.929296,32.87757],[-96.929676,32.875687],[-96.93079,32.874111],[-96.931073,32.873728],[-96.931272,32.8733],[-96.931239,32.870776],[-96.926978,32.869351],[-96.925019,32.870913],[-96.924191,32.870886],[-96.923842,32.870632],[-96.923604,32.870179],[-96.92346,32.86959],[-96.923542,32.869145],[-96.923946,32.868696],[-96.924975,32.868151],[-96.92702,32.866448],[-96.926201,32.865333],[-96.92429,32.865772],[-96.925297,32.863387],[-96.922261,32.861993],[-96.922435,32.860714],[-96.925006,32.859645],[-96.923175,32.858172],[-96.91934200000001,32.857413],[-96.91695300000002,32.858494],[-96.916447,32.856091],[-96.914751,32.856056],[-96.913717,32.857942],[-96.912468,32.857906],[-96.911774,32.855762],[-96.908479,32.856088],[-96.90617200000001,32.853995],[-96.909136,32.849483],[-96.914042,32.843562],[-96.914848,32.840548],[-96.917328,32.841178],[-96.916081,32.843483],[-96.916369,32.848337],[-96.926721,32.854157],[-96.92661800000002,32.854356],[-96.932785,32.857971],[-96.931927,32.858933],[-96.930763,32.859535],[-96.93123,32.860953],[-96.93277200000001,32.860785],[-96.934231,32.861612],[-96.935628,32.860608],[-96.938755,32.863994],[-96.93714900000002,32.865147],[-96.938367,32.866529],[-96.94022600000001,32.865237],[-96.942322,32.868861],[-96.943396,32.86815],[-96.943564,32.868029],[-96.94371,32.868189],[-96.945674,32.871179],[-96.946459,32.877015],[-96.947441,32.879624],[-96.948,32.880446],[-96.94875700000001,32.881334],[-96.949278,32.881331],[-96.953436,32.884877],[-96.954776,32.884853],[-96.956104,32.886614],[-96.955948,32.886805],[-96.962607,32.890462],[-96.971939,32.895636],[-96.97228600000001,32.895818],[-96.97461,32.897388],[-96.971448,32.900748],[-96.971372,32.900838],[-96.970028,32.899865],[-96.967507,32.89951],[-96.961808,32.902997],[-96.958858,32.905012],[-96.953339,32.90862],[-96.954937,32.910038],[-96.952086,32.910386],[-96.950892,32.912895],[-96.958739,32.914637],[-96.966499,32.916649],[-96.975296,32.918956],[-96.972585,32.918871]]]},"properties":{"zcta":"75039","city_names":["Dallas"],"search_label":"75039 Dallas","dem_votes":3229,"rep_votes":2259,"total_votes":5732,"total_major_party_votes":5488,"dem_share":0.5884,"rep_share":0.4116,"margin":0.1768,"winner":"Democratic","precincts_assigned":7,"population":null,"median_age":null,"median_household_income":null,"white_non_hispanic_share":null,"black_non_hispanic_share":null,"asian_non_hispanic_share":null,"hispanic_share":null,"housing_units":null,"dominant_housing_era":null,"dominant_housing_era_share":null,"crime_year":2025,"crime_total":1,"robbery_count":0,"homicide_count":0,"aggravated_assault_count":0,"shooting_count":0,"violent_crime_rate_per_100k":null,"robbery_rate_per_100k":null,"homicide_rate_per_100k":null,"shooting_rate_per_100k":null,"politics_status":"Mapped","safety_status":"Dallas OpenData","demographics_status":"Needs Review","needs_review":true,"source_label":"ACS 5-year ZCTA, Dallas OpenData incidents, 2024 presidential precinct returns"}},{"type":"Feature","geometry":{"bbox":[-96.662409,32.893943,-96.575355,32.969025],"type":"Polygon","coordinates":[[[-96.662409,32.958899],[-96.655927,32.964302],[-96.655654,32.963951],[-96.655731,32.962472],[-96.653745,32.96161],[-96.651257,32.95947],[-96.649683,32.959345],[-96.642892,32.965002],[-96.642159,32.965968],[-96.63456700000002,32.959907],[-96.63006700000001,32.957062],[-96.629816,32.95726],[-96.625428,32.954607],[-96.619664,32.951107],[-96.61843,32.954763],[-96.616758,32.957614],[-96.614612,32.959982],[-96.61024,32.966141],[-96.607231,32.968815],[-96.60653,32.969025],[-96.606243,32.968139],[-96.605759,32.968051],[-96.605313,32.967877],[-96.604945,32.967607],[-96.603151,32.965964],[-96.610196,32.960223],[-96.61116,32.959201],[-96.609757,32.958872],[-96.608698,32.957044],[-96.607594,32.956946],[-96.600284,32.953823],[-96.594534,32.951051],[-96.593085,32.949737],[-96.589149,32.950217],[-96.589009,32.947465],[-96.58959,32.947082],[-96.588205,32.945207],[-96.583553,32.941516],[-96.582958,32.941828],[-96.582364,32.941634],[-96.579703,32.939441],[-96.577913,32.939704],[-96.575355,32.936463],[-96.5817,32.931357],[-96.586069,32.928607],[-96.589971,32.922297],[-96.591094,32.920594],[-96.591617,32.920177],[-96.593104,32.920127],[-96.593097,32.920028],[-96.593059,32.909419],[-96.593134,32.908878],[-96.593432,32.908274],[-96.592758,32.907018],[-96.592367,32.894002],[-96.60047600000001,32.893943],[-96.602214,32.894013],[-96.613547,32.894202],[-96.620425,32.894253],[-96.622196,32.894273],[-96.622198,32.894719],[-96.625456,32.894258],[-96.62594,32.894259],[-96.626534,32.894262],[-96.626547,32.894725],[-96.629659,32.894738],[-96.629654,32.89427800000001],[-96.631032,32.894355],[-96.636355,32.894419],[-96.636353,32.894877],[-96.641087,32.895412],[-96.641086,32.894478],[-96.641556,32.894472],[-96.641577,32.896166],[-96.643582,32.896168],[-96.64353,32.89445],[-96.645082,32.894441],[-96.64509,32.895572],[-96.645498,32.8953],[-96.648614,32.894464],[-96.649102,32.894472],[-96.64882400000002,32.895516],[-96.64878100000001,32.898773],[-96.648723,32.904608],[-96.648774,32.906323],[-96.648418,32.907646],[-96.650001,32.908988],[-96.648156,32.909039],[-96.648163,32.909734],[-96.6491,32.91235],[-96.648655,32.91507200000001],[-96.65137900000002,32.914602],[-96.65137900000002,32.915917],[-96.648297,32.91624],[-96.648385,32.917163],[-96.648372,32.918931],[-96.648364,32.919902],[-96.648257,32.924501],[-96.648319,32.931024],[-96.648319,32.931171],[-96.648363,32.934579],[-96.64835,32.93824],[-96.648302,32.940467],[-96.650113,32.940416],[-96.65019,32.943451],[-96.648376,32.943413],[-96.648325,32.94401100000001],[-96.648736,32.944101],[-96.648691,32.944635],[-96.648172,32.944609],[-96.648157,32.94518300000001],[-96.647964,32.94518300000001],[-96.64861300000001,32.947412],[-96.653462,32.95159300000001],[-96.655461,32.951403],[-96.656986,32.952273],[-96.656476,32.953822],[-96.658352,32.955491],[-96.662409,32.958899]]]},"properties":{"zcta":"75040","city_names":["Dallas","Garland"],"search_label":"75040 Dallas / Garland","dem_votes":10850,"rep_votes":9120,"total_votes":20442,"total_major_party_votes":19970,"dem_share":0.5433,"rep_share":0.4567,"margin":0.0866,"winner":"Democratic","precincts_assigned":15,"population":null,"median_age":null,"median_household_income":null,"white_non_hispanic_share":null,"black_non_hispanic_share":null,"asian_non_hispanic_share":null,"hispanic_share":null,"housing_units":null,"dominant_housing_era":null,"dominant_housing_era_share":null,"crime_year":2025,"crime_total":3,"robbery_count":0,"homicide_count":0,"aggravated_assault_count":0,"shooting_count":0,"violent_crime_rate_per_100k":null,"robbery_rate_per_100k":null,"homicide_rate_per_100k":null,"shooting_rate_per_100k":null,"politics_status":"Mapped","safety_status":"Dallas OpenData","demographics_status":"Needs Review","needs_review":true,"source_label":"ACS 5-year ZCTA, Dallas OpenData incidents, 2024 presidential precinct returns"}},{"type":"Feature","geometry":{"bbox":[-96.693737,32.855953,-96.602214,32.896168],"type":"Polygon","coordinates":[[[-96.693672,32.894422],[-96.69188,32.894571],[-96.69167,32.894571],[-96.691671,32.89443],[-96.683095,32.894433],[-96.665669,32.894494],[-96.665665,32.894381],[-96.657465,32.894348],[-96.649143,32.89438],[-96.649102,32.894472],[-96.648614,32.894464],[-96.645498,32.8953],[-96.64509,32.895572],[-96.645082,32.894441],[-96.64353,32.89445],[-96.643582,32.896168],[-96.641577,32.896166],[-96.641556,32.894472],[-96.641086,32.894478],[-96.641087,32.895412],[-96.636353,32.894877],[-96.636355,32.894419],[-96.631032,32.894355],[-96.629654,32.89427800000001],[-96.629659,32.894738],[-96.626547,32.894725],[-96.626534,32.894262],[-96.62594,32.894259],[-96.625456,32.894258],[-96.622198,32.894719],[-96.622196,32.894273],[-96.620425,32.894253],[-96.613547,32.894202],[-96.602214,32.894013],[-96.60482,32.892274],[-96.611592,32.886853],[-96.621434,32.878945],[-96.621562,32.878839],[-96.63062,32.871329],[-96.630747,32.871223],[-96.631683,32.8704],[-96.633153,32.869161],[-96.633958,32.868487],[-96.63534,32.867345],[-96.642631,32.861213],[-96.640056,32.859105],[-96.64106700000002,32.859214],[-96.643363,32.857408],[-96.645224,32.859009],[-96.648298,32.856407],[-96.64869700000001,32.856071],[-96.648839,32.855953],[-96.650237,32.856841],[-96.658127,32.861839],[-96.661581,32.864036],[-96.665491,32.866538],[-96.665625,32.866614],[-96.668053,32.868126],[-96.670085,32.869337],[-96.676303,32.870985],[-96.67944,32.872049],[-96.683177,32.874664],[-96.686451,32.877478],[-96.688396,32.878709],[-96.687922,32.878689],[-96.68318,32.878801],[-96.68318,32.878904],[-96.683157,32.885936],[-96.690703,32.885956],[-96.69169,32.885955],[-96.693737,32.88595],[-96.693672,32.894422]]]},"properties":{"zcta":"75041","city_names":["Dallas","Garland"],"search_label":"75041 Dallas / Garland","dem_votes":3546,"rep_votes":3149,"total_votes":6812,"total_major_party_votes":6695,"dem_share":0.5296,"rep_share":0.4704,"margin":0.0592,"winner":"Democratic","precincts_assigned":11,"population":null,"median_age":null,"median_household_income":null,"white_non_hispanic_share":null,"black_non_hispanic_share":null,"asian_non_hispanic_share":null,"hispanic_share":null,"housing_units":null,"dominant_housing_era":null,"dominant_housing_era_share":null,"crime_year":2025,"crime_total":3,"robbery_count":0,"homicide_count":0,"aggravated_assault_count":0,"shooting_count":0,"violent_crime_rate_per_100k":null,"robbery_rate_per_100k":null,"homicide_rate_per_100k":null,"shooting_rate_per_100k":null,"politics_status":"Mapped","safety_status":"Dallas OpenData","demographics_status":"Needs Review","needs_review":true,"source_label":"ACS 5-year ZCTA, Dallas OpenData incidents, 2024 presidential precinct returns"}},{"type":"Feature","geometry":{"bbox":[-96.705904,32.894348,-96.648156,32.934523],"type":"Polygon","coordinates":[[[-96.705904,32.93123200000001],[-96.700013,32.931269],[-96.69206,32.931189],[-96.683068,32.931078],[-96.683019,32.931235],[-96.68300700000002,32.931278],[-96.682763,32.931278],[-96.671048,32.931249],[-96.667385,32.931209],[-96.665309,32.930895],[-96.664883,32.930881],[-96.663373,32.930708],[-96.663346,32.932085],[-96.660957,32.932461],[-96.66091500000002,32.934523],[-96.657248,32.934447],[-96.657204,32.93077],[-96.657204,32.930573],[-96.649566,32.930639],[-96.648319,32.931024],[-96.648257,32.924501],[-96.648364,32.919902],[-96.648372,32.918931],[-96.648385,32.917163],[-96.648297,32.91624],[-96.65137900000002,32.915917],[-96.65137900000002,32.914602],[-96.648655,32.91507200000001],[-96.6491,32.91235],[-96.648163,32.909734],[-96.648156,32.909039],[-96.650001,32.908988],[-96.648418,32.907646],[-96.648774,32.906323],[-96.648723,32.904608],[-96.64878100000001,32.898773],[-96.64882400000002,32.895516],[-96.649102,32.894472],[-96.649143,32.89438],[-96.657465,32.894348],[-96.665665,32.894381],[-96.665669,32.894494],[-96.683095,32.894433],[-96.691671,32.89443],[-96.69167,32.894571],[-96.69188,32.894571],[-96.69197200000002,32.904055],[-96.697977,32.902268],[-96.69784,32.908886],[-96.698234,32.90888],[-96.698235,32.909011],[-96.700544,32.909025],[-96.700542,32.909165],[-96.700508,32.911134],[-96.70039,32.916562],[-96.705765,32.916601],[-96.70588,32.916604],[-96.705879,32.916708],[-96.705849,32.921613],[-96.705904,32.93123200000001]]]},"properties":{"zcta":"75042","city_names":["Dallas","Garland","Richardson"],"search_label":"75042 Dallas / Garland / Richardson","dem_votes":4586,"rep_votes":3896,"total_votes":8695,"total_major_party_votes":8482,"dem_share":0.5407,"rep_share":0.4593,"margin":0.0814,"winner":"Democratic","precincts_assigned":10,"population":null,"median_age":null,"median_household_income":null,"white_non_hispanic_share":null,"black_non_hispanic_share":null,"asian_non_hispanic_share":null,"hispanic_share":null,"housing_units":null,"dominant_housing_era":null,"dominant_housing_era_share":null,"crime_year":2025,"crime_total":3,"robbery_count":0,"homicide_count":0,"aggravated_assault_count":0,"shooting_count":1,"violent_crime_rate_per_100k":null,"robbery_rate_per_100k":null,"homicide_rate_per_100k":null,"shooting_rate_per_100k":null,"politics_status":"Mapped","safety_status":"Dallas OpenData","demographics_status":"Needs Review","needs_review":true,"source_label":"ACS 5-year ZCTA, Dallas OpenData incidents, 2024 presidential precinct returns"}},{"type":"Feature","geometry":{"bbox":[-96.648839,32.830275,-96.518547,32.894013],"type":"Polygon","coordinates":[[[-96.64869700000001,32.856071],[-96.648298,32.856407],[-96.645224,32.859009],[-96.643363,32.857408],[-96.64106700000002,32.859214],[-96.640056,32.859105],[-96.642631,32.861213],[-96.63534,32.867345],[-96.633958,32.868487],[-96.633153,32.869161],[-96.631683,32.8704],[-96.630747,32.871223],[-96.63062,32.871329],[-96.621562,32.878839],[-96.621434,32.878945],[-96.611592,32.886853],[-96.60482,32.892274],[-96.602214,32.894013],[-96.60047600000001,32.893943],[-96.592367,32.894002],[-96.590859,32.890628],[-96.590416,32.8892],[-96.58917100000001,32.88552500000001],[-96.58507,32.882123],[-96.571433,32.869104],[-96.569826,32.867827],[-96.55282600000001,32.870558],[-96.540754,32.872498],[-96.53371500000002,32.869756],[-96.533211,32.869961],[-96.53289400000001,32.869699],[-96.524148,32.873496],[-96.522545,32.873952],[-96.521895,32.873203],[-96.520579,32.870584],[-96.519132,32.867255],[-96.518547,32.867224],[-96.518656,32.856686],[-96.5187,32.851675],[-96.518861,32.833525],[-96.518869,32.832728],[-96.527941,32.833599],[-96.53959,32.834702],[-96.541935,32.834654],[-96.543356,32.833616],[-96.54398400000001,32.833571],[-96.545544,32.833583],[-96.559939,32.833683],[-96.559977,32.834139],[-96.56065,32.833855],[-96.564587,32.830275],[-96.566407,32.834331],[-96.571481,32.834077],[-96.578926,32.833995],[-96.578985,32.833486],[-96.579187,32.832866],[-96.582074,32.831781],[-96.585635,32.832547],[-96.58708300000002,32.831507],[-96.587901,32.832383],[-96.59152,32.833229],[-96.59583,32.833246],[-96.596978,32.834139],[-96.600319,32.836235],[-96.60068,32.835839],[-96.60784600000001,32.833023],[-96.608874,32.832621],[-96.610986,32.833934],[-96.610587,32.834121],[-96.60234100000001,32.83745],[-96.600023,32.838414],[-96.600163,32.838723],[-96.600539,32.839374],[-96.601877,32.840555],[-96.602086,32.84027],[-96.602141,32.839479],[-96.602737,32.839235],[-96.603002,32.839325],[-96.603164,32.839334],[-96.603247,32.839289],[-96.603701,32.838859],[-96.606769,32.838858],[-96.609392,32.839528],[-96.61173800000002,32.838442],[-96.613966,32.838293],[-96.615983,32.839112],[-96.619052,32.838299],[-96.622429,32.839694],[-96.62085,32.84087],[-96.620253,32.841034],[-96.620338,32.841724],[-96.622306,32.843719],[-96.622079,32.843902],[-96.624229,32.845756],[-96.625552,32.846857],[-96.628038,32.84926300000001],[-96.628551,32.848824],[-96.630391,32.847305],[-96.630527,32.847409],[-96.632064,32.846111],[-96.634854,32.843785],[-96.6349,32.843857],[-96.636173,32.845506],[-96.642738,32.851275],[-96.645719,32.853855],[-96.648839,32.855953],[-96.64869700000001,32.856071]]]},"properties":{"zcta":"75043","city_names":["Dallas","Garland"],"search_label":"75043 Dallas / Garland","dem_votes":12489,"rep_votes":10130,"total_votes":23036,"total_major_party_votes":22619,"dem_share":0.5521,"rep_share":0.4479,"margin":0.1042,"winner":"Democratic","precincts_assigned":22,"population":null,"median_age":null,"median_household_income":null,"white_non_hispanic_share":null,"black_non_hispanic_share":null,"asian_non_hispanic_share":null,"hispanic_share":null,"housing_units":null,"dominant_housing_era":null,"dominant_housing_era_share":null,"crime_year":2025,"crime_total":2,"robbery_count":1,"homicide_count":0,"aggravated_assault_count":0,"shooting_count":0,"violent_crime_rate_per_100k":null,"robbery_rate_per_100k":null,"homicide_rate_per_100k":null,"shooting_rate_per_100k":null,"politics_status":"Mapped","safety_status":"Dallas OpenData","demographics_status":"Needs Review","needs_review":true,"source_label":"ACS 5-year ZCTA, Dallas OpenData incidents, 2024 presidential precinct returns"}},{"type":"Feature","geometry":{"bbox":[-96.682763,32.930573,-96.607231,32.985506],"type":"Polygon","coordinates":[[[-96.682707,32.938422],[-96.682666,32.945345],[-96.682631,32.951468],[-96.682613,32.953087],[-96.68252800000002,32.960687],[-96.682508,32.967785],[-96.682502,32.973256],[-96.682565,32.976968],[-96.682412,32.978181],[-96.682391,32.97898],[-96.682366,32.980169],[-96.682334,32.982318],[-96.682302,32.984967],[-96.682292,32.985285],[-96.678746,32.985234],[-96.674806,32.985179],[-96.672163,32.985141],[-96.671496,32.984958],[-96.670641,32.984564],[-96.669935,32.984178],[-96.669424,32.985103],[-96.666652,32.985063],[-96.666184,32.985056],[-96.66518,32.985044],[-96.647763,32.984796],[-96.640896,32.984928],[-96.640733,32.985506],[-96.629569,32.985154],[-96.629198,32.984531],[-96.628658,32.984523],[-96.623501,32.98445],[-96.623566,32.984213],[-96.622434,32.983932],[-96.621047,32.984412],[-96.620513,32.984466],[-96.619889,32.984962],[-96.619201,32.984603],[-96.618944,32.985045],[-96.618085,32.984791],[-96.618048,32.984373],[-96.613367,32.984309],[-96.613461,32.974933],[-96.613004,32.973868],[-96.612662,32.97348],[-96.610669,32.971747],[-96.611066,32.971418],[-96.608637,32.969305],[-96.608213,32.969658],[-96.607231,32.968815],[-96.61024,32.966141],[-96.614612,32.959982],[-96.616758,32.957614],[-96.61843,32.954763],[-96.619664,32.951107],[-96.625428,32.954607],[-96.629816,32.95726],[-96.63006700000001,32.957062],[-96.63456700000002,32.959907],[-96.642159,32.965968],[-96.642892,32.965002],[-96.649683,32.959345],[-96.651257,32.95947],[-96.653745,32.96161],[-96.655731,32.962472],[-96.655654,32.963951],[-96.655927,32.964302],[-96.662409,32.958899],[-96.658352,32.955491],[-96.656476,32.953822],[-96.656986,32.952273],[-96.655461,32.951403],[-96.653462,32.95159300000001],[-96.64861300000001,32.947412],[-96.647964,32.94518300000001],[-96.648157,32.94518300000001],[-96.648172,32.944609],[-96.648691,32.944635],[-96.648736,32.944101],[-96.648325,32.94401100000001],[-96.648376,32.943413],[-96.65019,32.943451],[-96.650113,32.940416],[-96.648302,32.940467],[-96.64835,32.93824],[-96.648363,32.934579],[-96.648319,32.931171],[-96.648319,32.931024],[-96.649566,32.930639],[-96.657204,32.930573],[-96.657204,32.93077],[-96.657248,32.934447],[-96.66091500000002,32.934523],[-96.660957,32.932461],[-96.663346,32.932085],[-96.663373,32.930708],[-96.664883,32.930881],[-96.665309,32.930895],[-96.667385,32.931209],[-96.671048,32.931249],[-96.682763,32.931278],[-96.682707,32.938422]]]},"properties":{"zcta":"75044","city_names":["Garland","Richardson"],"search_label":"75044 Garland / Richardson","dem_votes":9106,"rep_votes":8526,"total_votes":18250,"total_major_party_votes":17632,"dem_share":0.5164,"rep_share":0.4836,"margin":0.0328,"winner":"Democratic","precincts_assigned":14,"population":null,"median_age":null,"median_household_income":null,"white_non_hispanic_share":null,"black_non_hispanic_share":null,"asian_non_hispanic_share":null,"hispanic_share":null,"housing_units":null,"dominant_housing_era":null,"dominant_housing_era_share":null,"crime_year":2025,"crime_total":1,"robbery_count":0,"homicide_count":0,"aggravated_assault_count":0,"shooting_count":0,"violent_crime_rate_per_100k":null,"robbery_rate_per_100k":null,"homicide_rate_per_100k":null,"shooting_rate_per_100k":null,"politics_status":"Mapped","safety_status":"Dallas OpenData","demographics_status":"Needs Review","needs_review":true,"source_label":"ACS 5-year ZCTA, Dallas OpenData incidents, 2024 presidential precinct returns"}},{"type":"Feature","geometry":{"bbox":[-96.613461,32.941516,-96.550435,33.000452],"type":"Polygon","coordinates":[[[-96.613367,32.984309],[-96.613416,32.984895],[-96.613376,32.98677],[-96.608893,32.986854],[-96.607212,32.986834],[-96.604704,32.98663],[-96.604693,32.986846],[-96.60468100000001,32.98946000000001],[-96.601311,32.989466],[-96.601412,32.991498],[-96.599279,32.991585],[-96.599371,32.993096],[-96.59564,32.993451],[-96.595559,32.997183],[-96.59574,32.999135],[-96.595649,33.000452],[-96.594293,32.999722],[-96.59497100000002,32.99738800000001],[-96.593344,32.997256],[-96.593172,32.998261],[-96.586562,32.997368],[-96.585808,32.99617],[-96.57959400000001,32.99588],[-96.576351,32.993733],[-96.573564,32.993345],[-96.571312,32.991614],[-96.566704,32.994476],[-96.566303,32.994092],[-96.564594,32.994061],[-96.56469000000001,32.993568],[-96.564504,32.99351],[-96.564587,32.99299],[-96.563956,32.992928000000006],[-96.563334,32.991113],[-96.562722,32.989322],[-96.562908,32.986263],[-96.559316,32.984384],[-96.558767,32.984707],[-96.558489,32.984342],[-96.559263,32.983508],[-96.558786,32.983501],[-96.55879400000002,32.983268],[-96.55887,32.982644],[-96.558808,32.982431],[-96.558185,32.981534],[-96.558025,32.981034],[-96.557972,32.980176],[-96.558243,32.97977],[-96.558513,32.97976],[-96.56306,32.978357],[-96.562155,32.976755],[-96.558435,32.978213],[-96.5574,32.97728],[-96.557566,32.977145],[-96.554382,32.975042],[-96.553809,32.97243],[-96.552088,32.970898],[-96.552883,32.970797],[-96.551476,32.968674],[-96.551103,32.968297],[-96.551141,32.968269],[-96.550435,32.965385],[-96.551428,32.960929],[-96.551468,32.95635],[-96.552575,32.955038],[-96.552544,32.95304],[-96.550909,32.950806],[-96.551859,32.948636],[-96.55391,32.948507],[-96.555337,32.946911],[-96.55593600000002,32.94705],[-96.55619400000002,32.946804],[-96.560473,32.947724],[-96.562773,32.947704],[-96.570715,32.947634],[-96.574791,32.94771],[-96.582294,32.94169],[-96.582364,32.941634],[-96.582958,32.941828],[-96.583553,32.941516],[-96.588205,32.945207],[-96.58959,32.947082],[-96.589009,32.947465],[-96.589149,32.950217],[-96.593085,32.949737],[-96.594534,32.951051],[-96.600284,32.953823],[-96.607594,32.956946],[-96.608698,32.957044],[-96.609757,32.958872],[-96.61116,32.959201],[-96.610196,32.960223],[-96.603151,32.965964],[-96.604945,32.967607],[-96.605313,32.967877],[-96.605759,32.968051],[-96.606243,32.968139],[-96.60653,32.969025],[-96.607231,32.968815],[-96.608213,32.969658],[-96.608637,32.969305],[-96.611066,32.971418],[-96.610669,32.971747],[-96.612662,32.97348],[-96.613004,32.973868],[-96.613461,32.974933],[-96.613367,32.984309]]]},"properties":{"zcta":"75048","city_names":["Garland","Murphy","Richardson","Wylie"],"search_label":"75048 Garland / Murphy / Richardson / Wylie","dem_votes":5586,"rep_votes":7987,"total_votes":14095,"total_major_party_votes":13573,"dem_share":0.4116,"rep_share":0.5884,"margin":-0.1768,"winner":"Republican","precincts_assigned":9,"population":null,"median_age":null,"median_household_income":null,"white_non_hispanic_share":null,"black_non_hispanic_share":null,"asian_non_hispanic_share":null,"hispanic_share":null,"housing_units":null,"dominant_housing_era":null,"dominant_housing_era_share":null,"crime_year":2025,"crime_total":null,"robbery_count":null,"homicide_count":null,"aggravated_assault_count":null,"shooting_count":null,"violent_crime_rate_per_100k":null,"robbery_rate_per_100k":null,"homicide_rate_per_100k":null,"shooting_rate_per_100k":null,"politics_status":"Mapped","safety_status":"Needs Review","demographics_status":"Needs Review","needs_review":true,"source_label":"ACS 5-year ZCTA, Dallas OpenData incidents, 2024 presidential precinct returns"}},{"type":"Feature","geometry":{"bbox":[-97.062952,32.739069,-96.92402000000001,32.8164],"type":"Polygon","coordinates":[[[-97.062923,32.763851],[-97.0629,32.764339],[-97.062853,32.765212],[-97.062602,32.767195],[-97.061716,32.773829],[-97.062297,32.773844],[-97.06127,32.77902],[-97.062579,32.779027],[-97.062719,32.780977],[-97.060837,32.781931],[-97.059949,32.785366],[-97.062112,32.785289],[-97.062647,32.785175],[-97.062585,32.79103400000001],[-97.062625,32.795769],[-97.062625,32.796023],[-97.06229,32.796426],[-97.06270100000002,32.796786],[-97.062681,32.802114],[-97.06218700000001,32.804454],[-97.062671,32.808321],[-97.0598,32.807789],[-97.060166,32.809593],[-97.058539,32.81115],[-97.060108,32.81379],[-97.058464,32.815023],[-97.056575,32.813645],[-97.054916,32.815397],[-97.0539,32.81494],[-97.053658,32.812502],[-97.05021,32.811097000000004],[-97.048929,32.811339],[-97.049082,32.8139],[-97.048112,32.813266],[-97.046318,32.809098],[-97.044625,32.807942],[-97.042868,32.809191],[-97.041831,32.808671000000004],[-97.041156,32.807133],[-97.037696,32.806567],[-97.036946,32.804998],[-97.036596,32.802635],[-97.037167,32.799353],[-97.03666200000002,32.797339],[-97.035092,32.796713000000004],[-97.034888,32.793647],[-97.035498,32.792908],[-97.037151,32.793196],[-97.035668,32.789556],[-97.034711,32.788482],[-97.034405,32.802937],[-97.034396,32.803309],[-97.034437,32.805156],[-97.034219,32.8164],[-97.025659,32.816214],[-97.022156,32.816139],[-97.014461,32.815807],[-97.01442,32.81622],[-97.00797,32.816105],[-97.002406,32.815994],[-96.994569,32.815855],[-96.994651,32.815545],[-96.994949,32.815202],[-96.994948,32.814804],[-96.995452,32.81481],[-96.995456,32.81421400000001],[-96.99546,32.813468],[-96.995161,32.81155],[-96.997467,32.811436],[-96.998837,32.812626],[-97.002427,32.812548],[-97.002536,32.810797],[-97.001322,32.810547],[-97.00074,32.807617],[-96.99914400000002,32.807728],[-96.999159,32.806956],[-96.995322,32.806843],[-96.995611,32.805102],[-96.995315,32.804379],[-96.995276,32.792397],[-96.995544,32.783569],[-96.995501,32.777805],[-96.994641,32.777857],[-96.981474,32.777972],[-96.979063,32.77925],[-96.977259,32.781574],[-96.976156,32.782432],[-96.974462,32.783002],[-96.974068,32.783068],[-96.972884,32.78306],[-96.968764,32.783022],[-96.963314,32.783017],[-96.959993,32.783062],[-96.959997,32.782878],[-96.960053,32.780143],[-96.959976,32.77839],[-96.96002,32.773416],[-96.958632,32.772012],[-96.956322,32.772971000000005],[-96.956867,32.77447],[-96.956087,32.776948],[-96.95503600000002,32.778264],[-96.951513,32.779241],[-96.950484,32.778281],[-96.95355,32.776288],[-96.953082,32.774644],[-96.948142,32.775418],[-96.947204,32.776539],[-96.945343,32.776807],[-96.943076,32.776746],[-96.942151,32.77747600000001],[-96.941211,32.777895],[-96.940135,32.778104],[-96.926077,32.782076],[-96.926241,32.781405],[-96.926416,32.778694],[-96.926095,32.777524],[-96.926704,32.771206],[-96.926119,32.768665],[-96.927378,32.76702],[-96.926976,32.766634],[-96.927377,32.765629],[-96.927729,32.765058],[-96.92794,32.764824],[-96.926691,32.762464],[-96.92472000000001,32.76225],[-96.924263,32.76133],[-96.92402000000001,32.760999],[-96.925918,32.755831],[-96.926257,32.747824],[-96.926325,32.747692],[-96.9264,32.747526],[-96.933297,32.746975],[-96.940564,32.7468],[-96.940158,32.749115],[-96.943717,32.749068],[-96.950246,32.746578],[-96.957955,32.74644],[-96.959609,32.746428],[-96.958127,32.747383],[-96.963381,32.746603],[-96.969062,32.74638],[-96.96942600000001,32.746089],[-96.970753,32.746027],[-96.970753,32.746181],[-96.970753,32.746496],[-96.975324,32.746276],[-96.977064,32.746221],[-96.978841,32.746164],[-96.97878600000001,32.745893],[-96.987433,32.745435],[-96.994504,32.745112],[-96.998145,32.744964],[-97.003487,32.744757],[-97.005058,32.74467700000001],[-97.007083,32.74457],[-97.00876400000001,32.744328],[-97.011141,32.743723],[-97.01576,32.742108],[-97.016639,32.741901],[-97.02304,32.741072],[-97.029123,32.740288],[-97.035522,32.739451],[-97.035518,32.739709],[-97.035597,32.739701],[-97.041894,32.739069],[-97.045736,32.739433],[-97.045731,32.73954],[-97.045576,32.74468],[-97.043073,32.744787],[-97.040565,32.74479],[-97.040117,32.748129],[-97.040034,32.753743],[-97.037084,32.754178],[-97.037081,32.757098],[-97.037081,32.75862800000001],[-97.037073,32.759437],[-97.037086,32.759652],[-97.037172,32.761395],[-97.038476,32.761389],[-97.045588,32.761536],[-97.045581,32.762112],[-97.045599,32.764302],[-97.045837,32.764308],[-97.045837,32.765248],[-97.04849,32.765185],[-97.048425,32.764967],[-97.048367,32.764438],[-97.048202,32.76433],[-97.052899,32.764342],[-97.053438,32.764342],[-97.053839,32.764318],[-97.054537,32.764297],[-97.056719,32.764331],[-97.05972,32.764349],[-97.05972,32.76433],[-97.06111,32.763258],[-97.062952,32.76300500000001],[-97.062923,32.763851]]]},"properties":{"zcta":"75050","city_names":["Dallas"],"search_label":"75050 Dallas","dem_votes":6568,"rep_votes":4937,"total_votes":11695,"total_major_party_votes":11505,"dem_share":0.5709,"rep_share":0.4291,"margin":0.1418,"winner":"Democratic","precincts_assigned":20,"population":null,"median_age":null,"median_household_income":null,"white_non_hispanic_share":null,"black_non_hispanic_share":null,"asian_non_hispanic_share":null,"hispanic_share":null,"housing_units":null,"dominant_housing_era":null,"dominant_housing_era_share":null,"crime_year":2025,"crime_total":null,"robbery_count":null,"homicide_count":null,"aggravated_assault_count":null,"shooting_count":null,"violent_crime_rate_per_100k":null,"robbery_rate_per_100k":null,"homicide_rate_per_100k":null,"shooting_rate_per_100k":null,"politics_status":"Mapped","safety_status":"Needs Review","demographics_status":"Needs Review","needs_review":true,"source_label":"ACS 5-year ZCTA, Dallas OpenData incidents, 2024 presidential precinct returns"}},{"type":"Feature","geometry":{"bbox":[-96.96443,33.02393,-96.842367,33.126708],"type":"Polygon","coordinates":[[[-96.96443,33.100028],[-96.958975,33.103101],[-96.95195,33.108629],[-96.945433,33.115209],[-96.941441,33.120887],[-96.937694,33.120789],[-96.935927,33.120654],[-96.934603,33.118578],[-96.932416,33.117299],[-96.930871,33.116946],[-96.931309,33.116211],[-96.93042800000002,33.114886000000006],[-96.931339,33.112769],[-96.930939,33.111129],[-96.932563,33.110754],[-96.933116,33.110398],[-96.933887,33.109192],[-96.934517,33.108744],[-96.935032,33.108516],[-96.935323,33.107661],[-96.93459000000001,33.107787],[-96.932827,33.110564],[-96.929602,33.110715],[-96.930558,33.112213],[-96.93004,33.115258],[-96.925507,33.115919],[-96.9245,33.117031],[-96.92125000000001,33.118401],[-96.91926000000001,33.121405],[-96.917575,33.120742],[-96.91115100000002,33.124393],[-96.912798,33.126708],[-96.911418,33.126475],[-96.90730400000001,33.123725],[-96.907244,33.126303],[-96.905813,33.126081],[-96.905079,33.126257],[-96.905088,33.124521],[-96.90509300000001,33.123588],[-96.905151,33.122585],[-96.90517500000001,33.120426],[-96.905174,33.120246],[-96.905111,33.120244],[-96.905403,33.115234],[-96.904238,33.112859],[-96.901112,33.112857],[-96.899216,33.114673],[-96.897888,33.113765],[-96.897914,33.112748],[-96.897978,33.109832],[-96.892605,33.109875],[-96.892359,33.109877],[-96.892044,33.109877],[-96.892039,33.109562],[-96.892018,33.107644],[-96.892008,33.10741],[-96.891543,33.10737],[-96.891467,33.107363],[-96.890424,33.106794],[-96.887973,33.10546],[-96.881896,33.105403],[-96.872554,33.105463],[-96.872175,33.105474],[-96.869197,33.105476],[-96.869209,33.108284],[-96.860647,33.108264],[-96.860658,33.106729],[-96.860161,33.106308],[-96.853386,33.106348],[-96.854052,33.105085],[-96.855681,33.097709],[-96.856347,33.094491],[-96.85690900000002,33.091054],[-96.85575,33.08133],[-96.855639,33.080566],[-96.85777500000002,33.079598],[-96.857087,33.077913],[-96.856259,33.075804],[-96.856285,33.075167],[-96.857171,33.07275],[-96.857549,33.072173],[-96.859231,33.071172000000004],[-96.860723,33.068572],[-96.86196,33.067709],[-96.862105,33.067841],[-96.861468,33.066464],[-96.861473,33.065119],[-96.862622,33.062219],[-96.863163,33.058629],[-96.86298,33.05859],[-96.862326,33.058369],[-96.857861,33.057844],[-96.857413,33.06081300000001],[-96.857169,33.060819],[-96.85353500000001,33.06077100000001],[-96.848806,33.060155],[-96.842773,33.060139],[-96.842367,33.060139],[-96.842504,33.05695],[-96.842536,33.056196],[-96.842704,33.056212],[-96.843974,33.056376],[-96.844913,33.051737],[-96.849248,33.05174],[-96.853395,33.051743],[-96.853407,33.053121],[-96.858387,33.053126],[-96.858554,33.053144],[-96.859524,33.04665],[-96.86111200000002,33.046817],[-96.860956,33.047919],[-96.861553,33.048238],[-96.861533,33.048392],[-96.861732,33.048675],[-96.861938,33.048888],[-96.8622,33.049264],[-96.862324,33.049369],[-96.86275600000002,33.049234],[-96.863349,33.053484],[-96.863956,33.05467],[-96.865125,33.055229000000004],[-96.865344,33.054226],[-96.86540100000002,33.052667],[-96.866487,33.050569],[-96.869753,33.048846],[-96.87025300000002,33.04946],[-96.872462,33.052346],[-96.87454400000001,33.051344],[-96.874543,33.051496],[-96.875883,33.051816],[-96.880689,33.051335],[-96.883483,33.052039],[-96.882574,33.047804],[-96.885431,33.047428],[-96.886927,33.047832],[-96.886939,33.053818],[-96.892302,33.053837],[-96.89254,33.053392],[-96.892618,33.046619],[-96.892977,33.046329],[-96.89339,33.0461],[-96.892544,33.045659],[-96.890561,33.04467],[-96.887881,33.04458],[-96.88708,33.044579],[-96.885544,33.044578],[-96.88103,33.044559],[-96.881086,33.041981],[-96.88127,33.041274],[-96.881422,33.041347],[-96.883387,33.042174],[-96.887079,33.04321],[-96.88705,33.036142],[-96.88726,33.03625],[-96.887322,33.029013],[-96.89252,33.029006],[-96.89252700000002,33.02708],[-96.894055,33.027079],[-96.894787,33.027084],[-96.894853,33.02407600000001],[-96.895575,33.02394700000001],[-96.89916000000001,33.02393],[-96.89937,33.02393],[-96.89936,33.02704],[-96.91389000000001,33.027032],[-96.91476,33.027088],[-96.9148,33.027101],[-96.915039,33.027181],[-96.916367,33.027189],[-96.916783,33.02711],[-96.917418,33.026944],[-96.917527,33.027347],[-96.917253,33.027488],[-96.917445,33.028156],[-96.916533,33.028124],[-96.916039,33.029296],[-96.915544,33.030438],[-96.914909,33.030563],[-96.914744,33.030933],[-96.91234,33.030955],[-96.912243,33.03161600000001],[-96.911108,33.031648],[-96.910963,33.03234900000001],[-96.91098300000002,33.032972],[-96.910649,33.033336],[-96.910462,33.03408],[-96.910134,33.034552],[-96.910116,33.035177],[-96.91037500000002,33.035177],[-96.916641,33.035179],[-96.916681,33.03528],[-96.918562,33.035262],[-96.918539,33.037489],[-96.922887,33.037513],[-96.922998,33.035034],[-96.924725,33.035529],[-96.925031,33.035631],[-96.924888,33.035848],[-96.927454,33.036829],[-96.92714200000002,33.037536],[-96.927124,33.040767],[-96.927122,33.041134],[-96.927121,33.041336],[-96.927371,33.041339],[-96.931613,33.041373],[-96.93159,33.039515],[-96.936009,33.039671],[-96.935941,33.034109],[-96.944395,33.033068],[-96.944635,33.026308],[-96.945947,33.026314],[-96.947924,33.025031000000006],[-96.95059,33.024549],[-96.956571,33.026151],[-96.959807,33.026291],[-96.960373,33.028086],[-96.958374,33.03071],[-96.958887,33.031822],[-96.961027,33.03109500000001],[-96.963256,33.032223],[-96.96062,33.034304],[-96.961257,33.036225],[-96.962652,33.037875],[-96.963154,33.039803],[-96.961215,33.042657],[-96.960874,33.044058],[-96.961652,33.04571],[-96.94527,33.0477],[-96.9368,33.048704],[-96.936783,33.04884],[-96.936711,33.05791],[-96.936483,33.06386],[-96.93667400000001,33.064699],[-96.942894,33.069726],[-96.947079,33.071116],[-96.948563,33.071301000000005],[-96.956285,33.071039],[-96.962551,33.069749],[-96.962942,33.082134],[-96.962942,33.083016],[-96.963063,33.085884],[-96.963202,33.089933],[-96.963544,33.100041],[-96.96443,33.100028]]]},"properties":{"zcta":"75056","city_names":["Carrollton","Frisco","Lewisville","Plano","The Colony"],"search_label":"75056 Carrollton / Frisco / Lewisville / Plano / The Colony","dem_votes":14923,"rep_votes":16870,"total_votes":32297,"total_major_party_votes":31793,"dem_share":0.4694,"rep_share":0.5306,"margin":-0.0612,"winner":"Republican","precincts_assigned":15,"population":null,"median_age":null,"median_household_income":null,"white_non_hispanic_share":null,"black_non_hispanic_share":null,"asian_non_hispanic_share":null,"hispanic_share":null,"housing_units":null,"dominant_housing_era":null,"dominant_housing_era_share":null,"crime_year":2025,"crime_total":null,"robbery_count":null,"homicide_count":null,"aggravated_assault_count":null,"shooting_count":null,"violent_crime_rate_per_100k":null,"robbery_rate_per_100k":null,"homicide_rate_per_100k":null,"shooting_rate_per_100k":null,"politics_status":"Mapped","safety_status":"Needs Review","demographics_status":"Needs Review","needs_review":true,"source_label":"ACS 5-year ZCTA, Dallas OpenData incidents, 2024 presidential precinct returns"}},{"type":"Feature","geometry":{"bbox":[-97.026505,32.99642,-96.936483,33.08757],"type":"Polygon","coordinates":[[[-97.025577,33.082884],[-97.023791,33.083066],[-97.022233,33.085885],[-97.021151,33.08582],[-97.017992,33.086648],[-97.012108,33.086836],[-97.012094,33.08757],[-97.011458,33.087272],[-97.009237,33.08623],[-96.999359,33.082617],[-96.990057,33.079517],[-96.987181,33.079219],[-96.980703,33.079048],[-96.974726,33.079667],[-96.970293,33.080821],[-96.966524,33.082718],[-96.962942,33.083016],[-96.962942,33.082134],[-96.962551,33.069749],[-96.956285,33.071039],[-96.948563,33.071301000000005],[-96.947079,33.071116],[-96.942894,33.069726],[-96.93667400000001,33.064699],[-96.936483,33.06386],[-96.936711,33.05791],[-96.936783,33.04884],[-96.9368,33.048704],[-96.94527,33.0477],[-96.961652,33.04571],[-96.960874,33.044058],[-96.961215,33.042657],[-96.963154,33.039803],[-96.962652,33.037875],[-96.961257,33.036225],[-96.96062,33.034304],[-96.963256,33.032223],[-96.961027,33.03109500000001],[-96.958887,33.031822],[-96.958374,33.03071],[-96.960373,33.028086],[-96.959807,33.026291],[-96.956571,33.026151],[-96.95059,33.024549],[-96.947924,33.025031000000006],[-96.945947,33.026314],[-96.944635,33.026308],[-96.944898,33.022951000000006],[-96.94427,33.020642],[-96.946232,33.017969],[-96.94989,33.018286],[-96.950688,33.013198],[-96.950648,33.013112],[-96.948941,33.01014],[-96.949683,33.008448],[-96.951424,33.00589],[-96.95127300000001,33.005598],[-96.950079,33.005003],[-96.945714,33.006464],[-96.940741,33.005606],[-96.939546,33.004594],[-96.938989,33.003535],[-96.939472,33.002392],[-96.944353,33.002217],[-96.94468,33.001199],[-96.940847,32.999941],[-96.939902,32.99915],[-96.93981,32.999011],[-96.939665,32.998706],[-96.93970800000001,32.99789],[-96.941157,32.996803],[-96.942727,32.99672],[-96.943012,32.996749],[-96.94321,32.99658],[-96.943655,32.99642],[-96.949059,32.999404],[-96.952553,33.003077],[-96.95335,32.999944],[-96.955965,33.000074],[-96.956783,33.001325],[-96.95727,33.000971],[-96.959093,33.003459],[-96.963123,33.005604],[-96.964994,33.005892],[-96.970551,33.00865400000001],[-96.97445400000001,33.010055],[-96.970928,33.01419800000001],[-96.976515,33.015192],[-96.977972,33.016226],[-96.98132,33.0165],[-96.98264,33.01803],[-96.98425,33.02021],[-96.9826,33.02154],[-96.9825,33.02744],[-96.98959,33.02733],[-96.99277,33.03009],[-96.99295,33.03025],[-96.99708,33.033977],[-97.00191,33.03831],[-97.0054,33.04191],[-97.00318,33.04202],[-97.00313000000001,33.04455],[-97.00684,33.04459],[-97.006866,33.046308],[-97.008544,33.046325],[-97.0093,33.04936],[-97.01149,33.056089],[-97.008711,33.05612],[-97.0061,33.05753],[-97.00114,33.057989],[-97.002132,33.059295],[-97.013337,33.061157],[-97.015427,33.065894],[-97.019276,33.071689],[-97.025091,33.080346],[-97.026505,33.084448],[-97.025577,33.082884]]]},"properties":{"zcta":"75057","city_names":["Carrollton","Lewisville"],"search_label":"75057 Carrollton / Lewisville","dem_votes":2264,"rep_votes":2022,"total_votes":4350,"total_major_party_votes":4286,"dem_share":0.5282,"rep_share":0.4718,"margin":0.0564,"winner":"Democratic","precincts_assigned":3,"population":null,"median_age":null,"median_household_income":null,"white_non_hispanic_share":null,"black_non_hispanic_share":null,"asian_non_hispanic_share":null,"hispanic_share":null,"housing_units":null,"dominant_housing_era":null,"dominant_housing_era_share":null,"crime_year":2025,"crime_total":null,"robbery_count":null,"homicide_count":null,"aggravated_assault_count":null,"shooting_count":null,"violent_crime_rate_per_100k":null,"robbery_rate_per_100k":null,"homicide_rate_per_100k":null,"shooting_rate_per_100k":null,"politics_status":"Mapped","safety_status":"Needs Review","demographics_status":"Needs Review","needs_review":true,"source_label":"ACS 5-year ZCTA, Dallas OpenData incidents, 2024 presidential precinct returns"}},{"type":"Feature","geometry":{"bbox":[-97.002536,32.772012,-96.898522,32.815855],"type":"Polygon","coordinates":[[[-97.002427,32.812548],[-96.998837,32.812626],[-96.997467,32.811436],[-96.995161,32.81155],[-96.99546,32.813468],[-96.995456,32.81421400000001],[-96.995452,32.81481],[-96.994948,32.814804],[-96.994949,32.815202],[-96.994651,32.815545],[-96.994569,32.815855],[-96.993885,32.815837],[-96.981711,32.815627],[-96.976448,32.815539],[-96.971168,32.81544],[-96.967837,32.81537],[-96.963461,32.81528],[-96.960033,32.81520900000001],[-96.959944,32.815207],[-96.959782,32.81521000000001],[-96.959842,32.81512],[-96.957705,32.81369],[-96.952499,32.812816],[-96.95234,32.814701],[-96.94993400000001,32.814524],[-96.949933,32.814931],[-96.949793,32.814935],[-96.943374,32.814739],[-96.94242900000002,32.81472],[-96.934345,32.81461],[-96.925634,32.814526],[-96.92311500000001,32.814526],[-96.921814,32.814434],[-96.92180500000002,32.814748],[-96.916862,32.814332],[-96.906129,32.814286],[-96.906141,32.80913],[-96.905721,32.807403],[-96.90456500000002,32.805594000000006],[-96.904124,32.80494],[-96.903705,32.804281],[-96.901537,32.800668],[-96.898522,32.798192],[-96.904861,32.798071],[-96.907156,32.797262],[-96.910391,32.792268],[-96.91055300000001,32.790655],[-96.91250000000001,32.785705],[-96.914032,32.784433],[-96.915381,32.784255],[-96.918661,32.784675],[-96.918902,32.785719],[-96.925101,32.782682],[-96.926077,32.782076],[-96.940135,32.778104],[-96.941211,32.777895],[-96.942151,32.77747600000001],[-96.943076,32.776746],[-96.945343,32.776807],[-96.947204,32.776539],[-96.948142,32.775418],[-96.953082,32.774644],[-96.95355,32.776288],[-96.950484,32.778281],[-96.951513,32.779241],[-96.95503600000002,32.778264],[-96.956087,32.776948],[-96.956867,32.77447],[-96.956322,32.772971000000005],[-96.958632,32.772012],[-96.96002,32.773416],[-96.959976,32.77839],[-96.960053,32.780143],[-96.959997,32.782878],[-96.959993,32.783062],[-96.963314,32.783017],[-96.968764,32.783022],[-96.972884,32.78306],[-96.974068,32.783068],[-96.974462,32.783002],[-96.976156,32.782432],[-96.977259,32.781574],[-96.979063,32.77925],[-96.981474,32.777972],[-96.994641,32.777857],[-96.995501,32.777805],[-96.995544,32.783569],[-96.995276,32.792397],[-96.995315,32.804379],[-96.995611,32.805102],[-96.995322,32.806843],[-96.999159,32.806956],[-96.99914400000002,32.807728],[-97.00074,32.807617],[-97.001322,32.810547],[-97.002536,32.810797],[-97.002427,32.812548]]]},"properties":{"zcta":"75060","city_names":["Dallas"],"search_label":"75060 Dallas","dem_votes":5553,"rep_votes":5592,"total_votes":11369,"total_major_party_votes":11145,"dem_share":0.4983,"rep_share":0.5017,"margin":-0.0034,"winner":"Republican","precincts_assigned":18,"population":null,"median_age":null,"median_household_income":null,"white_non_hispanic_share":null,"black_non_hispanic_share":null,"asian_non_hispanic_share":null,"hispanic_share":null,"housing_units":null,"dominant_housing_era":null,"dominant_housing_era_share":null,"crime_year":2025,"crime_total":1,"robbery_count":0,"homicide_count":0,"aggravated_assault_count":0,"shooting_count":0,"violent_crime_rate_per_100k":null,"robbery_rate_per_100k":null,"homicide_rate_per_100k":null,"shooting_rate_per_100k":null,"politics_status":"Mapped","safety_status":"Dallas OpenData","demographics_status":"Needs Review","needs_review":true,"source_label":"ACS 5-year ZCTA, Dallas OpenData incidents, 2024 presidential precinct returns"}},{"type":"Feature","geometry":{"bbox":[-97.034233,32.812816,-96.890595,32.83726],"type":"Polygon","coordinates":[[[-97.034226,32.816958],[-97.033904,32.83429],[-97.03386,32.83695],[-97.033857,32.837134000000006],[-97.022123,32.837136],[-97.020018,32.837139],[-97.01669,32.837108],[-97.009553,32.837103],[-97.006477,32.837109],[-97.004273,32.837114],[-97.003377,32.837114],[-96.993606,32.837079],[-96.990063,32.837136],[-96.985577,32.83712],[-96.976469,32.8371],[-96.968291,32.83709],[-96.968282,32.836827],[-96.962767,32.83673],[-96.962529,32.833725],[-96.959205,32.833745],[-96.954349,32.83388],[-96.95274,32.83334],[-96.952153,32.83663],[-96.95122,32.836629],[-96.94999,32.836636],[-96.947175,32.836641],[-96.94442900000001,32.836758],[-96.944418,32.837043],[-96.940497,32.83726],[-96.938597,32.837258],[-96.930273,32.836967],[-96.924042,32.837006],[-96.914912,32.836925],[-96.914935,32.836602],[-96.915139,32.835459],[-96.917144,32.830682],[-96.91392700000002,32.836537],[-96.907461,32.836393],[-96.902685,32.835735],[-96.902717,32.83410000000001],[-96.897479,32.832265],[-96.897001,32.833101],[-96.893786,32.832141],[-96.891256,32.830931],[-96.890595,32.830489],[-96.890732,32.830314],[-96.892205,32.828453],[-96.895582,32.825611],[-96.895569,32.825066],[-96.896964,32.825104],[-96.903377,32.818797],[-96.905697,32.816194],[-96.906129,32.814286],[-96.916862,32.814332],[-96.92180500000002,32.814748],[-96.921814,32.814434],[-96.92311500000001,32.814526],[-96.925634,32.814526],[-96.934345,32.81461],[-96.94242900000002,32.81472],[-96.943374,32.814739],[-96.949793,32.814935],[-96.949933,32.814931],[-96.94993400000001,32.814524],[-96.95234,32.814701],[-96.952499,32.812816],[-96.957705,32.81369],[-96.959842,32.81512],[-96.959782,32.81521000000001],[-96.959944,32.815207],[-96.960033,32.81520900000001],[-96.963461,32.81528],[-96.967837,32.81537],[-96.971168,32.81544],[-96.976448,32.815539],[-96.981711,32.815627],[-96.993885,32.815837],[-96.994569,32.815855],[-97.002406,32.815994],[-97.00797,32.816105],[-97.01442,32.81622],[-97.014461,32.815807],[-97.022156,32.816139],[-97.025659,32.816214],[-97.034219,32.8164],[-97.034233,32.816662],[-97.034226,32.816958]]]},"properties":{"zcta":"75061","city_names":["Dallas"],"search_label":"75061 Dallas","dem_votes":5604,"rep_votes":4958,"total_votes":10967,"total_major_party_votes":10562,"dem_share":0.5306,"rep_share":0.4694,"margin":0.0612,"winner":"Democratic","precincts_assigned":36,"population":null,"median_age":null,"median_household_income":null,"white_non_hispanic_share":null,"black_non_hispanic_share":null,"asian_non_hispanic_share":null,"hispanic_share":null,"housing_units":null,"dominant_housing_era":null,"dominant_housing_era_share":null,"crime_year":2025,"crime_total":1,"robbery_count":0,"homicide_count":0,"aggravated_assault_count":0,"shooting_count":0,"violent_crime_rate_per_100k":null,"robbery_rate_per_100k":null,"homicide_rate_per_100k":null,"shooting_rate_per_100k":null,"politics_status":"Mapped","safety_status":"Dallas OpenData","demographics_status":"Needs Review","needs_review":true,"source_label":"ACS 5-year ZCTA, Dallas OpenData incidents, 2024 presidential precinct returns"}},{"type":"Feature","geometry":{"bbox":[-97.022123,32.830489,-96.888789,32.868861],"type":"Polygon","coordinates":[[[-97.021916,32.838971],[-97.021925,32.847698],[-97.021563,32.853191],[-97.02128900000001,32.856918],[-97.014101,32.856977],[-97.01305,32.856963],[-97.007909,32.856966],[-97.007815,32.859375],[-97.007649,32.859901],[-97.006287,32.858268],[-97.004915,32.857884],[-97.004929,32.857101],[-97.001594,32.857087],[-96.99966000000002,32.857084],[-96.999609,32.858559],[-96.996428,32.858559],[-96.996428,32.85879],[-96.994063,32.858853],[-96.994041,32.85708],[-96.992071,32.857072],[-96.99121900000002,32.85706],[-96.990906,32.858732],[-96.98829,32.859225],[-96.987805,32.856614],[-96.987405,32.855763],[-96.98128,32.856198],[-96.978879,32.855106],[-96.975566,32.855458],[-96.975213,32.855469],[-96.970357,32.856444],[-96.967438,32.856059],[-96.963549,32.856477],[-96.960608,32.858806],[-96.959064,32.859088],[-96.957783,32.859034],[-96.956851,32.858521],[-96.953536,32.860557],[-96.954396,32.861782],[-96.951205,32.866165],[-96.951504,32.866841],[-96.949071,32.866743],[-96.94813,32.865554],[-96.94371,32.868189],[-96.943564,32.868029],[-96.943396,32.86815],[-96.942322,32.868861],[-96.94022600000001,32.865237],[-96.938367,32.866529],[-96.93714900000002,32.865147],[-96.938755,32.863994],[-96.935628,32.860608],[-96.934231,32.861612],[-96.93277200000001,32.860785],[-96.93123,32.860953],[-96.930763,32.859535],[-96.931927,32.858933],[-96.932785,32.857971],[-96.92661800000002,32.854356],[-96.926721,32.854157],[-96.916369,32.848337],[-96.916081,32.843483],[-96.917328,32.841178],[-96.914848,32.840548],[-96.914042,32.843562],[-96.909136,32.849483],[-96.90617200000001,32.853995],[-96.905633,32.85385600000001],[-96.904048,32.854188],[-96.903492,32.853752],[-96.903555,32.853081],[-96.90309900000001,32.85262],[-96.901894,32.852185],[-96.901094,32.852352],[-96.90032,32.853491],[-96.89937100000002,32.853658],[-96.89859,32.853318],[-96.897941,32.852463],[-96.897885,32.85201],[-96.898553,32.850549],[-96.895362,32.85092],[-96.893663,32.84973800000001],[-96.893201,32.847803],[-96.891615,32.847164],[-96.889554,32.848166],[-96.888789,32.847524],[-96.889666,32.844122],[-96.889887,32.83643],[-96.889744,32.831702],[-96.890595,32.830489],[-96.891256,32.830931],[-96.893786,32.832141],[-96.897001,32.833101],[-96.897479,32.832265],[-96.902717,32.83410000000001],[-96.902685,32.835735],[-96.907461,32.836393],[-96.91392700000002,32.836537],[-96.917144,32.830682],[-96.915139,32.835459],[-96.914935,32.836602],[-96.914912,32.836925],[-96.924042,32.837006],[-96.930273,32.836967],[-96.938597,32.837258],[-96.940497,32.83726],[-96.944418,32.837043],[-96.94442900000001,32.836758],[-96.947175,32.836641],[-96.94999,32.836636],[-96.95122,32.836629],[-96.952153,32.83663],[-96.95274,32.83334],[-96.954349,32.83388],[-96.959205,32.833745],[-96.962529,32.833725],[-96.962767,32.83673],[-96.968282,32.836827],[-96.968291,32.83709],[-96.976469,32.8371],[-96.985577,32.83712],[-96.990063,32.837136],[-96.993606,32.837079],[-97.003377,32.837114],[-97.004273,32.837114],[-97.006477,32.837109],[-97.009553,32.837103],[-97.01669,32.837108],[-97.020018,32.837139],[-97.022123,32.837136],[-97.021916,32.838971]]]},"properties":{"zcta":"75062","city_names":["Dallas"],"search_label":"75062 Dallas","dem_votes":6614,"rep_votes":5853,"total_votes":13213,"total_major_party_votes":12467,"dem_share":0.5305,"rep_share":0.4695,"margin":0.061,"winner":"Democratic","precincts_assigned":21,"population":null,"median_age":null,"median_household_income":null,"white_non_hispanic_share":null,"black_non_hispanic_share":null,"asian_non_hispanic_share":null,"hispanic_share":null,"housing_units":null,"dominant_housing_era":null,"dominant_housing_era_share":null,"crime_year":2025,"crime_total":1,"robbery_count":0,"homicide_count":0,"aggravated_assault_count":0,"shooting_count":0,"violent_crime_rate_per_100k":null,"robbery_rate_per_100k":null,"homicide_rate_per_100k":null,"shooting_rate_per_100k":null,"politics_status":"Mapped","safety_status":"Dallas OpenData","demographics_status":"Needs Review","needs_review":true,"source_label":"ACS 5-year ZCTA, Dallas OpenData incidents, 2024 presidential precinct returns"}},{"type":"Feature","geometry":{"bbox":[-97.033857,32.837134000000006,-96.930244,32.955001],"type":"Polygon","coordinates":[[[-97.03384,32.838532],[-97.033577,32.852753],[-97.033088,32.878493],[-97.032625,32.904289],[-97.032334,32.920167],[-97.032237,32.925592],[-97.032147,32.930409],[-97.031906,32.943867],[-97.031825,32.948165],[-97.031817,32.94885],[-97.031707,32.955001],[-97.02217,32.954979],[-97.022259,32.948795],[-97.022285,32.945853],[-97.017752,32.94421],[-97.014464,32.942168],[-97.012143,32.940042],[-97.008141,32.935276],[-97.002577,32.928762],[-97.000208,32.926724],[-96.997189,32.924954],[-96.993782,32.923703],[-96.993703,32.925714],[-96.993531,32.925721],[-96.99145,32.92572],[-96.973112,32.925448],[-96.972502,32.92544],[-96.968213,32.925331],[-96.967707,32.925344],[-96.967656,32.927149],[-96.967652,32.927321],[-96.967613,32.939689],[-96.967569,32.947477],[-96.968323,32.9475],[-96.968987,32.947526],[-96.970065,32.949155],[-96.970065,32.949425],[-96.970022,32.951633],[-96.969885,32.951644],[-96.96988,32.95173],[-96.968562,32.951721],[-96.968235,32.952728],[-96.966258,32.952709],[-96.961774,32.949122],[-96.960206,32.949691],[-96.959908,32.950246],[-96.959348,32.95029],[-96.958014,32.950241],[-96.955643,32.950477],[-96.949295,32.948071],[-96.944909,32.947921],[-96.943254,32.947062],[-96.942527,32.946157],[-96.941694,32.939297],[-96.938266,32.937423],[-96.937766,32.937911],[-96.93626,32.936797],[-96.93524500000001,32.937044],[-96.93519600000002,32.936678],[-96.935226,32.934947],[-96.935237,32.934883],[-96.935559,32.934627],[-96.93566,32.934497],[-96.937581,32.935286],[-96.939112,32.934832],[-96.940171,32.932947],[-96.939986,32.932026],[-96.935992,32.930071],[-96.934301,32.930023],[-96.933513,32.929819],[-96.932987,32.929362],[-96.932849,32.928401],[-96.933505,32.927737],[-96.935171,32.927175],[-96.93604,32.927353],[-96.93673,32.927866],[-96.937241,32.927794],[-96.93684,32.926423],[-96.93606200000002,32.925665],[-96.935716,32.924682],[-96.936425,32.923913],[-96.937937,32.923125],[-96.938115,32.92157000000001],[-96.937314,32.921563],[-96.937864,32.919241],[-96.937279,32.917147],[-96.937877,32.914427],[-96.937696,32.913851],[-96.937507,32.913766],[-96.937048,32.913572],[-96.936927,32.913379],[-96.936661,32.913113],[-96.936364,32.912926],[-96.936103,32.912832],[-96.935893,32.912838],[-96.935695,32.912728],[-96.935595,32.912739],[-96.935551,32.912892],[-96.933267,32.912618],[-96.930675,32.910735],[-96.930244,32.909249],[-96.931075,32.90943],[-96.941,32.911666],[-96.943324,32.912209],[-96.952824,32.914356],[-96.958718,32.915705],[-96.972585,32.918871],[-96.975296,32.918956],[-96.966499,32.916649],[-96.958739,32.914637],[-96.950892,32.912895],[-96.952086,32.910386],[-96.954937,32.910038],[-96.953339,32.90862],[-96.958858,32.905012],[-96.961808,32.902997],[-96.967507,32.89951],[-96.970028,32.899865],[-96.971372,32.900838],[-96.971448,32.900748],[-96.97461,32.897388],[-96.97228600000001,32.895818],[-96.971939,32.895636],[-96.980308,32.890261],[-96.981837,32.888939],[-96.983971,32.886545],[-96.98413,32.886684],[-96.985284,32.885357],[-96.98623200000002,32.885038],[-96.988506,32.885325],[-96.991194,32.885374],[-96.991095,32.888726],[-96.991267,32.888728],[-96.994372,32.888723],[-96.99579,32.888478],[-96.998209,32.887423],[-96.999092,32.886736],[-97.004251,32.880094],[-97.004429,32.877921],[-97.004446,32.875062],[-97.004583,32.873939],[-97.006069,32.871519],[-97.007935,32.870317],[-97.011765,32.869563],[-97.01523,32.867274],[-97.019913,32.861543],[-97.020327,32.860862],[-97.020797,32.859706],[-97.02128900000001,32.856918],[-97.021563,32.853191],[-97.021925,32.847698],[-97.021916,32.838971],[-97.022123,32.837136],[-97.033857,32.837134000000006],[-97.03384,32.838532]]]},"properties":{"zcta":"75063","city_names":["Carrollton","Coppell","Dallas","Farmers Branch"],"search_label":"75063 Carrollton / Coppell / Dallas / Farmers Branch","dem_votes":7475,"rep_votes":5434,"total_votes":14013,"total_major_party_votes":12909,"dem_share":0.5791,"rep_share":0.4209,"margin":0.1582,"winner":"Democratic","precincts_assigned":21,"population":null,"median_age":null,"median_household_income":null,"white_non_hispanic_share":null,"black_non_hispanic_share":null,"asian_non_hispanic_share":null,"hispanic_share":null,"housing_units":null,"dominant_housing_era":null,"dominant_housing_era_share":null,"crime_year":2025,"crime_total":1,"robbery_count":0,"homicide_count":0,"aggravated_assault_count":0,"shooting_count":0,"violent_crime_rate_per_100k":null,"robbery_rate_per_100k":null,"homicide_rate_per_100k":null,"shooting_rate_per_100k":null,"politics_status":"Mapped","safety_status":"Dallas OpenData","demographics_status":"Needs Review","needs_review":true,"source_label":"ACS 5-year ZCTA, Dallas OpenData incidents, 2024 presidential precinct returns"}},{"type":"Feature","geometry":{"bbox":[-97.079034,33.079048,-96.962942,33.1445],"type":"Polygon","coordinates":[[[-97.079021,33.120987],[-97.079003,33.122129],[-97.07656500000002,33.122161],[-97.07527300000001,33.122129],[-97.07437,33.120036],[-97.071284,33.118932],[-97.068928,33.119114],[-97.068293,33.120182],[-97.069578,33.120815],[-97.067028,33.121082],[-97.066806,33.122367],[-97.06560800000001,33.12246300000001],[-97.063404,33.122348],[-97.063468,33.121997],[-97.06175,33.12189],[-97.061734,33.122801],[-97.059365,33.122697],[-97.05939,33.12281],[-97.06110000000001,33.12907],[-97.06164,33.13017],[-97.06002,33.130143],[-97.056085,33.130081],[-97.049171,33.130016],[-97.03938,33.12992],[-97.03902,33.12991],[-97.037975,33.12988],[-97.038008,33.133012],[-97.03864,33.133319],[-97.038313,33.133521],[-97.03828,33.133521],[-97.038263,33.133521],[-97.03848000000002,33.134127],[-97.038479,33.134499],[-97.038616,33.136679],[-97.03852700000002,33.13721],[-97.03859,33.1445],[-97.030543,33.144385],[-97.03055,33.14267],[-97.029898,33.142635],[-97.029864,33.140204],[-97.029874,33.138151],[-97.028078,33.138809],[-97.024486,33.140383],[-97.021683,33.142539],[-97.002366,33.14251],[-97.002404,33.138771],[-97.001157,33.131438],[-96.999909,33.128419],[-96.99633,33.124965],[-96.992047,33.123144],[-96.987664,33.122147],[-96.982203,33.122107],[-96.978973,33.121681],[-96.97565,33.120725],[-96.97094500000001,33.1177],[-96.970309,33.116678],[-96.969625,33.114353],[-96.96947,33.09999],[-96.96443,33.100028],[-96.963544,33.100041],[-96.963202,33.089933],[-96.963063,33.085884],[-96.962942,33.083016],[-96.966524,33.082718],[-96.970293,33.080821],[-96.974726,33.079667],[-96.980703,33.079048],[-96.987181,33.079219],[-96.990057,33.079517],[-96.999359,33.082617],[-97.009237,33.08623],[-97.011458,33.087272],[-97.012094,33.08757],[-97.016492,33.090109],[-97.018537,33.092362],[-97.021988,33.098233],[-97.02346,33.099859],[-97.023944,33.100275],[-97.026033,33.101571],[-97.02764,33.102081],[-97.033787,33.10242],[-97.043577,33.101252],[-97.047689,33.100788],[-97.054372,33.100195],[-97.054427,33.100025],[-97.05667800000002,33.100035],[-97.057803,33.100903],[-97.058601,33.10155],[-97.060992,33.103521],[-97.067481,33.108955],[-97.06909,33.112161],[-97.068216,33.115278],[-97.068635,33.117465],[-97.070901,33.118688],[-97.071705,33.118647],[-97.072899,33.117807],[-97.073324,33.11764],[-97.073818,33.11761],[-97.074593,33.117772],[-97.07661000000002,33.119165],[-97.077178,33.119732],[-97.07877800000001,33.120117],[-97.079034,33.120178],[-97.079021,33.120987]]]},"properties":{"zcta":"75065","city_names":["Lewisville"],"search_label":"75065 Lewisville","dem_votes":2331,"rep_votes":4156,"total_votes":6563,"total_major_party_votes":6487,"dem_share":0.3593,"rep_share":0.6407,"margin":-0.2814,"winner":"Republican","precincts_assigned":2,"population":null,"median_age":null,"median_household_income":null,"white_non_hispanic_share":null,"black_non_hispanic_share":null,"asian_non_hispanic_share":null,"hispanic_share":null,"housing_units":null,"dominant_housing_era":null,"dominant_housing_era_share":null,"crime_year":2025,"crime_total":null,"robbery_count":null,"homicide_count":null,"aggravated_assault_count":null,"shooting_count":null,"violent_crime_rate_per_100k":null,"robbery_rate_per_100k":null,"homicide_rate_per_100k":null,"shooting_rate_per_100k":null,"politics_status":"Mapped","safety_status":"Needs Review","demographics_status":"Needs Review","needs_review":true,"source_label":"ACS 5-year ZCTA, Dallas OpenData incidents, 2024 presidential precinct returns"}},{"type":"Feature","geometry":{"bbox":[-97.044574,32.980375,-96.939472,33.062958],"type":"Polygon","coordinates":[[[-97.044574,33.042267],[-97.044523,33.048934],[-97.040516,33.048682],[-97.04008,33.04911],[-97.03892,33.04907],[-97.03584,33.0494],[-97.03535,33.04939],[-97.03146200000002,33.04915900000001],[-97.028235,33.047283],[-97.026419,33.047065],[-97.02643600000002,33.046118],[-97.021627,33.046959],[-97.02108,33.04891],[-97.01879,33.049855],[-97.01779,33.05075],[-97.016577,33.049563],[-97.014849,33.045727],[-97.014136,33.044494],[-97.010631,33.046239],[-97.00934,33.04632],[-97.01054300000001,33.051941],[-97.013156,33.058456],[-97.017259,33.058633],[-97.017222,33.060223],[-97.019222,33.059943],[-97.019854,33.061132],[-97.019996,33.062958],[-97.015546,33.061616],[-97.013337,33.061157],[-97.002132,33.059295],[-97.00114,33.057989],[-97.0061,33.05753],[-97.008711,33.05612],[-97.01149,33.056089],[-97.0093,33.04936],[-97.008544,33.046325],[-97.006866,33.046308],[-97.00684,33.04459],[-97.00313000000001,33.04455],[-97.00318,33.04202],[-97.0054,33.04191],[-97.00191,33.03831],[-96.99708,33.033977],[-96.99295,33.03025],[-96.99277,33.03009],[-96.98959,33.02733],[-96.9825,33.02744],[-96.9826,33.02154],[-96.98425,33.02021],[-96.98264,33.01803],[-96.98132,33.0165],[-96.977972,33.016226],[-96.976515,33.015192],[-96.970928,33.01419800000001],[-96.97445400000001,33.010055],[-96.970551,33.00865400000001],[-96.964994,33.005892],[-96.963123,33.005604],[-96.959093,33.003459],[-96.95727,33.000971],[-96.956783,33.001325],[-96.955965,33.000074],[-96.95335,32.999944],[-96.952553,33.003077],[-96.949059,32.999404],[-96.943655,32.99642],[-96.943757,32.994703],[-96.947412,32.994883],[-96.94819200000002,32.994299],[-96.94833100000001,32.994146],[-96.948531,32.993907],[-96.948344,32.993799],[-96.939472,32.988822],[-96.93988200000001,32.988822],[-96.9415,32.988788],[-96.942445,32.9888],[-96.957708,32.989001],[-96.958665,32.989013],[-96.966672,32.989084],[-96.968422,32.990863],[-96.97237600000001,32.990969],[-96.97375800000002,32.990713],[-96.97428000000001,32.992269],[-96.975471,32.991916],[-96.97838,32.99045],[-96.978764,32.990882],[-96.981272,32.989214],[-96.98181,32.989219],[-96.985606,32.986974],[-96.987185,32.986474],[-96.990322,32.986284],[-96.991894,32.986535],[-96.993204,32.987065],[-96.993175,32.989319],[-96.993111,32.989319],[-96.993175,32.989443],[-96.99334400000001,32.993391],[-97.005336,32.993288],[-97.005806,32.993245],[-97.00774,32.991573],[-97.009963,32.989994],[-97.010873,32.989429],[-97.01058200000001,32.989426],[-97.009756,32.989418],[-97.015656,32.98503],[-97.020416,32.980375],[-97.020743,32.980662],[-97.02643,32.984483],[-97.02700500000002,32.984838],[-97.027039,32.984863],[-97.031044,32.987856],[-97.031007,32.989691],[-97.028594,32.989644],[-97.028339,32.989614],[-97.028239,32.998942],[-97.02778500000001,32.99908],[-97.02764,33.00967],[-97.02768,33.0135],[-97.033581,33.013475],[-97.033539,33.016894],[-97.035229,33.016885],[-97.035389,33.020755],[-97.036259,33.020761],[-97.036599,33.020753],[-97.036213,33.026262],[-97.036051,33.03246],[-97.036233,33.032468],[-97.03618700000001,33.035593],[-97.0361,33.042209],[-97.043636,33.042312],[-97.04453,33.04209900000001],[-97.044574,33.042267]]]},"properties":{"zcta":"75067","city_names":["Carrollton","Coppell","Lewisville"],"search_label":"75067 Carrollton / Coppell / Lewisville","dem_votes":9926,"rep_votes":8545,"total_votes":18769,"total_major_party_votes":18471,"dem_share":0.5374,"rep_share":0.4626,"margin":0.0748,"winner":"Democratic","precincts_assigned":11,"population":null,"median_age":null,"median_household_income":null,"white_non_hispanic_share":null,"black_non_hispanic_share":null,"asian_non_hispanic_share":null,"hispanic_share":null,"housing_units":null,"dominant_housing_era":null,"dominant_housing_era_share":null,"crime_year":2025,"crime_total":1,"robbery_count":0,"homicide_count":0,"aggravated_assault_count":0,"shooting_count":0,"violent_crime_rate_per_100k":null,"robbery_rate_per_100k":null,"homicide_rate_per_100k":null,"shooting_rate_per_100k":null,"politics_status":"Mapped","safety_status":"Dallas OpenData","demographics_status":"Needs Review","needs_review":true,"source_label":"ACS 5-year ZCTA, Dallas OpenData incidents, 2024 presidential precinct returns"}},{"type":"Feature","geometry":{"bbox":[-97.02006,33.1177,-96.880345,33.22321],"type":"Polygon","coordinates":[[[-97.019985,33.18163],[-97.019794,33.186928],[-97.019775,33.188336],[-97.012012,33.18849],[-97.011832,33.194198],[-97.011149,33.194968],[-97.011849,33.195732],[-97.011026,33.197837],[-97.010378,33.198738],[-97.008471,33.200296],[-97.00703200000001,33.200217],[-97.004369,33.201016],[-97.004328,33.202669],[-97.002683,33.202852],[-97.00259,33.203322],[-96.999446,33.204382],[-96.99797900000002,33.204842],[-96.99732600000002,33.2048],[-96.99736,33.200863],[-96.99127,33.20065],[-96.991511,33.196698],[-96.98177,33.19614],[-96.979992,33.196056],[-96.977547,33.195514],[-96.976837,33.195633],[-96.97697000000001,33.19589],[-96.97859,33.1973],[-96.97881,33.197719],[-96.97862,33.201234],[-96.97852000000002,33.20188],[-96.97697000000001,33.20443],[-96.97501,33.20919],[-96.97494,33.20957],[-96.975305,33.211954],[-96.97624,33.21495],[-96.976373,33.215141],[-96.976656,33.215612],[-96.97644,33.22225],[-96.97366,33.222119],[-96.97365,33.220875],[-96.97056,33.220844],[-96.97045,33.22272],[-96.9721,33.222029],[-96.97201,33.22321],[-96.96998,33.22287],[-96.96501,33.22211],[-96.956309,33.221746],[-96.946237,33.22139],[-96.945986,33.221373],[-96.937344,33.221023],[-96.937156,33.221016],[-96.93021,33.22076],[-96.930292,33.218994],[-96.93066,33.21529],[-96.930214,33.215284],[-96.92617,33.215178],[-96.92229200000001,33.215018],[-96.91934200000001,33.214894],[-96.919041,33.218853],[-96.912712,33.218675],[-96.910919,33.217825000000005],[-96.911068,33.214606],[-96.912053,33.214672],[-96.912249,33.212291],[-96.913419,33.212069],[-96.915048,33.213066],[-96.913963,33.210001],[-96.917775,33.206744],[-96.918985,33.204099],[-96.919268,33.201497],[-96.917839,33.201622],[-96.916876,33.203073],[-96.915496,33.203142],[-96.913953,33.204183],[-96.91366,33.205304000000005],[-96.91166,33.206649],[-96.911375,33.205421],[-96.908959,33.204908],[-96.908225,33.206137],[-96.907168,33.206249],[-96.907647,33.20725000000001],[-96.90565200000002,33.211374],[-96.90417600000002,33.210688],[-96.89945,33.211085],[-96.899307,33.211118],[-96.899106,33.21125],[-96.89898400000001,33.211433],[-96.898832,33.211562],[-96.898753,33.211734],[-96.898735,33.211833],[-96.894918,33.21344],[-96.893382,33.215105],[-96.892636,33.217117],[-96.891256,33.219361],[-96.88977,33.219318],[-96.887158,33.219285],[-96.880345,33.21906],[-96.880462,33.21093],[-96.8804,33.206507],[-96.880439,33.203902],[-96.88071,33.20179],[-96.886077,33.192265],[-96.886381,33.191724],[-96.887017,33.189901],[-96.88714,33.184459],[-96.887147,33.184219],[-96.88727,33.17951],[-96.88733,33.178471],[-96.887137,33.178468],[-96.881942,33.178339],[-96.88195100000002,33.178184],[-96.882112,33.167489],[-96.882629,33.166778],[-96.885864,33.166716],[-96.889717,33.165501],[-96.890593,33.164739],[-96.891994,33.16436],[-96.893195,33.161741],[-96.895579,33.160567],[-96.896871,33.15878],[-96.89919,33.158063],[-96.900528,33.157825],[-96.905863,33.159495],[-96.908898,33.159492],[-96.91111,33.160522],[-96.912349,33.159959],[-96.91317,33.160753],[-96.916058,33.160943],[-96.917733,33.161693],[-96.919322,33.16165],[-96.922767,33.164375],[-96.924367,33.164031],[-96.928651,33.160657],[-96.930375,33.159139],[-96.93233600000002,33.156595],[-96.933181,33.15495700000001],[-96.935368,33.146217],[-96.936423,33.144295],[-96.941912,33.140242],[-96.94884900000001,33.137238],[-96.952874,33.135538],[-96.954416,33.134889],[-96.959698,33.13195],[-96.961005,33.130569],[-96.967227,33.12164200000001],[-96.97094500000001,33.1177],[-96.97565,33.120725],[-96.978973,33.121681],[-96.982203,33.122107],[-96.987664,33.122147],[-96.992047,33.123144],[-96.99633,33.124965],[-96.999909,33.128419],[-97.001157,33.131438],[-97.002404,33.138771],[-97.002366,33.14251],[-97.001588,33.147495],[-97.000521,33.151352],[-97.000465,33.152542],[-97.00078,33.154281],[-97.001034,33.154882],[-97.001924,33.156437],[-97.005112,33.160348],[-97.008976,33.163397],[-97.014036,33.166229],[-97.01657,33.168722],[-97.019171,33.17373],[-97.019817,33.177408],[-97.02006,33.179958000000006],[-97.019985,33.18163]]]},"properties":{"zcta":"75068","city_names":["Frisco"],"search_label":"75068 Frisco","dem_votes":14325,"rep_votes":15280,"total_votes":30141,"total_major_party_votes":29605,"dem_share":0.4839,"rep_share":0.5161,"margin":-0.0322,"winner":"Republican","precincts_assigned":15,"population":null,"median_age":null,"median_household_income":null,"white_non_hispanic_share":null,"black_non_hispanic_share":null,"asian_non_hispanic_share":null,"hispanic_share":null,"housing_units":null,"dominant_housing_era":null,"dominant_housing_era_share":null,"crime_year":2025,"crime_total":null,"robbery_count":null,"homicide_count":null,"aggravated_assault_count":null,"shooting_count":null,"violent_crime_rate_per_100k":null,"robbery_rate_per_100k":null,"homicide_rate_per_100k":null,"shooting_rate_per_100k":null,"politics_status":"Mapped","safety_status":"Needs Review","demographics_status":"Needs Review","needs_review":true,"source_label":"ACS 5-year ZCTA, Dallas OpenData incidents, 2024 presidential precinct returns"}},{"type":"Feature","geometry":{"bbox":[-96.659641,33.121608,-96.527811,33.239837],"type":"Polygon","coordinates":[[[-96.653527,33.13676400000001],[-96.650633,33.143965],[-96.645543,33.157801],[-96.645475,33.15799],[-96.645103,33.158966],[-96.641618,33.168193],[-96.640589,33.171863],[-96.640567,33.171985],[-96.640302,33.173527],[-96.639569,33.184956],[-96.63955400000002,33.185161],[-96.639787,33.18518],[-96.64098500000001,33.185677000000005],[-96.64335,33.188741],[-96.643014,33.189863],[-96.641668,33.189382],[-96.641086,33.193781],[-96.641868,33.197099],[-96.641186,33.198434],[-96.64317,33.198616],[-96.64116100000001,33.198551],[-96.639881,33.202011],[-96.640717,33.204148],[-96.640234,33.204148],[-96.640875,33.208983],[-96.638902,33.20976400000001],[-96.641428,33.210788],[-96.640651,33.213113],[-96.6411,33.216761],[-96.636237,33.216672],[-96.634538,33.222892],[-96.632849,33.229266],[-96.628077,33.229332],[-96.628006,33.238124],[-96.628138,33.239659],[-96.629706,33.239699],[-96.629636,33.239837],[-96.613358,33.239623],[-96.612802,33.239827],[-96.610839,33.238855],[-96.610422,33.238481],[-96.610902,33.234986],[-96.612685,33.22979],[-96.612484,33.227251],[-96.613186,33.223473],[-96.614361,33.223543],[-96.614784,33.223332],[-96.614878,33.223038],[-96.61471,33.222361],[-96.614455,33.222006],[-96.613929,33.221586],[-96.613441,33.222349],[-96.613754,33.215888],[-96.612895,33.211506],[-96.611843,33.205275],[-96.611848,33.20336],[-96.611848,33.203271],[-96.61078800000001,33.203263],[-96.60879400000002,33.209198],[-96.605943,33.207547],[-96.605782,33.20759600000001],[-96.602119,33.205647],[-96.595961,33.203798],[-96.59593100000001,33.203849],[-96.595925,33.20368],[-96.578713,33.199055],[-96.578601,33.199195],[-96.575642,33.198374],[-96.574346,33.198065],[-96.574119,33.198258],[-96.573469,33.197996],[-96.569957,33.198017],[-96.569353,33.197758],[-96.569476,33.19720100000001],[-96.566063,33.196126],[-96.56579,33.196432],[-96.564926,33.195284],[-96.558266,33.193309],[-96.557177,33.193096],[-96.557187,33.193072],[-96.557272,33.192891],[-96.552673,33.191553],[-96.552634,33.191541],[-96.55065800000001,33.191079],[-96.549332,33.19053],[-96.54809500000002,33.189961],[-96.547798,33.190025],[-96.547816,33.189608],[-96.547887,33.188035],[-96.546649,33.188059],[-96.54766,33.183431],[-96.546007,33.181028],[-96.542981,33.180961],[-96.538904,33.180854],[-96.539915,33.176461],[-96.536845,33.1764],[-96.537176,33.17266],[-96.533335,33.172597],[-96.533533,33.167655],[-96.533727,33.16086],[-96.527811,33.160664],[-96.527929,33.155029],[-96.535863,33.155167],[-96.535966,33.153274],[-96.538469,33.153517],[-96.53916,33.153874],[-96.540816,33.15427],[-96.54083,33.153634],[-96.548156,33.154537],[-96.54956,33.154595],[-96.549544,33.154342],[-96.546966,33.151905],[-96.54424800000001,33.151446],[-96.544791,33.149273],[-96.543379,33.146886],[-96.544748,33.14517],[-96.543732,33.144038],[-96.541346,33.142896],[-96.542016,33.141807],[-96.541088,33.140846],[-96.5419,33.140327],[-96.541066,33.138243],[-96.53984,33.139196],[-96.539476,33.137833],[-96.537606,33.136853],[-96.53668,33.135668],[-96.53761,33.1348],[-96.537101,33.133862],[-96.539673,33.133803],[-96.538815,33.130871000000006],[-96.53843800000001,33.130687],[-96.538327,33.130609],[-96.538271,33.130513],[-96.538244,33.130353],[-96.538285,33.130164],[-96.538507,33.129893],[-96.538613,33.129837],[-96.540722,33.130252],[-96.53927,33.127076],[-96.540689,33.126344],[-96.540033,33.123254],[-96.543302,33.12312],[-96.544101,33.122188],[-96.546457,33.123092],[-96.552617,33.12177100000001],[-96.552895,33.121608],[-96.556045,33.123396],[-96.550839,33.123318],[-96.551864,33.12463000000001],[-96.551715,33.126143],[-96.553292,33.126407],[-96.552829,33.127718],[-96.555708,33.126801],[-96.555332,33.127417],[-96.55711500000001,33.128554],[-96.557219,33.132506],[-96.560022,33.132334],[-96.559634,33.133304],[-96.56082,33.134123],[-96.561992,33.133508],[-96.562752,33.134366],[-96.565062,33.133851],[-96.565064,33.134818],[-96.56855,33.13561],[-96.56916,33.137037],[-96.569478,33.137451],[-96.571919,33.137816],[-96.57370200000001,33.136958],[-96.575508,33.135282],[-96.575015,33.134529],[-96.574461,33.133593],[-96.572671,33.130563],[-96.570681,33.127249],[-96.570522,33.123635],[-96.576848,33.123778],[-96.578745,33.123821],[-96.579416,33.123844],[-96.588302,33.124146],[-96.588252,33.125199],[-96.593941,33.125395],[-96.593875,33.12314],[-96.602924,33.123296],[-96.602908,33.124038],[-96.609724,33.123838],[-96.610121,33.123821],[-96.610423,33.124956],[-96.61088000000001,33.126681],[-96.61125,33.128622],[-96.612494,33.12857400000001],[-96.615507,33.128852],[-96.622143,33.129449],[-96.62863800000001,33.1295],[-96.637265,33.129566],[-96.644772,33.129634],[-96.659641,33.129908],[-96.653527,33.13676400000001]]]},"properties":{"zcta":"75069","city_names":["Allen","McKinney"],"search_label":"75069 Allen / McKinney","dem_votes":7321,"rep_votes":9771,"total_votes":17435,"total_major_party_votes":17092,"dem_share":0.4283,"rep_share":0.5717,"margin":-0.1434,"winner":"Republican","precincts_assigned":9,"population":null,"median_age":null,"median_household_income":null,"white_non_hispanic_share":null,"black_non_hispanic_share":null,"asian_non_hispanic_share":null,"hispanic_share":null,"housing_units":null,"dominant_housing_era":null,"dominant_housing_era_share":null,"crime_year":2025,"crime_total":null,"robbery_count":null,"homicide_count":null,"aggravated_assault_count":null,"shooting_count":null,"violent_crime_rate_per_100k":null,"robbery_rate_per_100k":null,"homicide_rate_per_100k":null,"shooting_rate_per_100k":null,"politics_status":"Mapped","safety_status":"Needs Review","demographics_status":"Needs Review","needs_review":true,"source_label":"ACS 5-year ZCTA, Dallas OpenData incidents, 2024 presidential precinct returns"}},{"type":"Feature","geometry":{"bbox":[-96.733421,33.125301,-96.640567,33.17807],"type":"Polygon","coordinates":[[[-96.733108,33.132738],[-96.733342,33.137551],[-96.733355,33.137752],[-96.733243,33.152052],[-96.733242,33.152235],[-96.733149,33.159525],[-96.733052,33.16865000000001],[-96.733021,33.169421],[-96.73291900000001,33.169945],[-96.732904,33.174154],[-96.730109,33.174422],[-96.725546,33.175705],[-96.722209,33.175065],[-96.722053,33.175052],[-96.720223,33.174373],[-96.715701,33.174158],[-96.715496,33.174158],[-96.708086,33.174115],[-96.701653,33.174035],[-96.698413,33.174008],[-96.698281,33.174003],[-96.698067,33.173995],[-96.698065,33.174184],[-96.691787,33.174055],[-96.684602,33.173991],[-96.68438,33.173988],[-96.682441,33.173959],[-96.6802,33.173586],[-96.679407,33.1742],[-96.676405,33.17807],[-96.676313,33.178037],[-96.676389,33.173828],[-96.672017,33.173828],[-96.671153,33.170262],[-96.672222,33.168826],[-96.670776,33.16816],[-96.669649,33.167924],[-96.66472700000001,33.167873],[-96.661574,33.168096],[-96.658588,33.16912],[-96.655071,33.171169],[-96.654502,33.172739],[-96.653845,33.173713],[-96.65021800000001,33.171917],[-96.65033,33.170806],[-96.647542,33.170701],[-96.644198,33.17224],[-96.640567,33.171985],[-96.640589,33.171863],[-96.641618,33.168193],[-96.645103,33.158966],[-96.645475,33.15799],[-96.645543,33.157801],[-96.649142,33.156215],[-96.652132,33.155106],[-96.65454400000002,33.154117],[-96.655683,33.153917],[-96.663244,33.150939],[-96.679084,33.144922],[-96.68083,33.144245],[-96.682266,33.143727],[-96.691412,33.140233],[-96.691612,33.140145000000004],[-96.69943,33.137114],[-96.706986,33.13428],[-96.718628,33.130246],[-96.720108,33.129728],[-96.721231,33.12935300000001],[-96.73253000000001,33.125428],[-96.732899,33.125301],[-96.733421,33.126633],[-96.733108,33.132738]]]},"properties":{"zcta":"75070","city_names":["Allen","Frisco","McKinney"],"search_label":"75070 Allen / Frisco / McKinney","dem_votes":11484,"rep_votes":12339,"total_votes":24516,"total_major_party_votes":23823,"dem_share":0.4821,"rep_share":0.5179,"margin":-0.0358,"winner":"Republican","precincts_assigned":9,"population":null,"median_age":null,"median_household_income":null,"white_non_hispanic_share":null,"black_non_hispanic_share":null,"asian_non_hispanic_share":null,"hispanic_share":null,"housing_units":null,"dominant_housing_era":null,"dominant_housing_era_share":null,"crime_year":2025,"crime_total":null,"robbery_count":null,"homicide_count":null,"aggravated_assault_count":null,"shooting_count":null,"violent_crime_rate_per_100k":null,"robbery_rate_per_100k":null,"homicide_rate_per_100k":null,"shooting_rate_per_100k":null,"politics_status":"Mapped","safety_status":"Needs Review","demographics_status":"Needs Review","needs_review":true,"source_label":"ACS 5-year ZCTA, Dallas OpenData incidents, 2024 presidential precinct returns"}},{"type":"Feature","geometry":{"bbox":[-96.767702,33.189961,-96.474734,33.319615],"type":"Polygon","coordinates":[[[-96.767674,33.205954],[-96.767674,33.210762],[-96.767615,33.218746],[-96.755337,33.21866],[-96.750293,33.218631],[-96.741792,33.218575],[-96.733789,33.218541],[-96.732823,33.21857],[-96.73281,33.222689],[-96.732725,33.23164200000001],[-96.732678,33.23661],[-96.732665,33.237582],[-96.732552,33.247617],[-96.732534,33.25461],[-96.732985,33.2565],[-96.73298,33.262097],[-96.73298,33.262254],[-96.73297,33.262454],[-96.735394,33.262425],[-96.735312,33.266223],[-96.736468,33.26426500000001],[-96.740136,33.264679],[-96.740508,33.262352],[-96.743732,33.262408],[-96.744798,33.262349],[-96.743686,33.263772],[-96.743915,33.267819],[-96.743457,33.268538],[-96.738629,33.26838],[-96.736687,33.271883],[-96.732745,33.272329],[-96.730214,33.270578],[-96.730369,33.281779],[-96.730595,33.285278],[-96.730897,33.288992],[-96.731351,33.291445],[-96.696244,33.290889],[-96.693533,33.290984],[-96.68006,33.290899],[-96.679783,33.293261],[-96.673317,33.293329],[-96.67083200000002,33.293447],[-96.66924,33.293453],[-96.662173,33.292791],[-96.662103,33.296724],[-96.661964,33.305052],[-96.660239,33.305078],[-96.660187,33.319615],[-96.658885,33.319607],[-96.659521,33.317442],[-96.65947,33.315288],[-96.653558,33.315201],[-96.654213,33.317494],[-96.653645,33.318146],[-96.644487,33.318111],[-96.644944,33.316603],[-96.649629,33.316538],[-96.6497,33.315392],[-96.644476,33.315368],[-96.644452,33.316337],[-96.636025,33.316349],[-96.635975,33.307056],[-96.629208,33.30945],[-96.626453,33.311149],[-96.620157,33.312534],[-96.619656,33.311785],[-96.61499100000002,33.308863],[-96.61423,33.307499],[-96.612528,33.30776300000001],[-96.610403,33.30599],[-96.607543,33.306531],[-96.607833,33.3056],[-96.606275,33.304912],[-96.606234,33.302852],[-96.60505,33.302591],[-96.604533,33.29945],[-96.606398,33.298985],[-96.606547,33.297562],[-96.60814,33.296891],[-96.606561,33.296481],[-96.607745,33.295549],[-96.606139,33.294069],[-96.607187,33.293115],[-96.604873,33.292102],[-96.60554,33.291021],[-96.604506,33.29067],[-96.603678,33.28869],[-96.605138,33.287743],[-96.604708,33.285411],[-96.60467,33.285286],[-96.604614,33.285183],[-96.606285,33.28404],[-96.604775,33.282963],[-96.604573,33.282769],[-96.604573,33.282472],[-96.60474,33.282108],[-96.604859,33.281997],[-96.605347,33.281751],[-96.60580700000001,33.281585],[-96.605957,33.281461],[-96.606011,33.281324],[-96.606042,33.281167],[-96.606047,33.281013],[-96.606039,33.28096],[-96.605959,33.280833],[-96.60584,33.280779],[-96.605732,33.280762],[-96.605486,33.280755],[-96.605198,33.280766],[-96.605083,33.280807],[-96.604899,33.280803],[-96.604698,33.28072],[-96.60462,33.28058],[-96.604635,33.28042],[-96.606277,33.279396],[-96.606276,33.279177],[-96.605664,33.278614],[-96.605606,33.278488],[-96.605654,33.278133000000004],[-96.605836,33.277964],[-96.605892,33.277739],[-96.605758,33.277605],[-96.60520700000001,33.277433],[-96.605119,33.277344],[-96.60511,33.277184],[-96.605194,33.277047],[-96.605452,33.276894],[-96.60688600000002,33.274777],[-96.60545700000002,33.273756],[-96.605644,33.272444],[-96.607714,33.27156],[-96.607898,33.270641],[-96.610018,33.269759],[-96.610065,33.26964],[-96.610084,33.269436],[-96.610067,33.269224],[-96.61008,33.269137],[-96.610136,33.269066],[-96.611457,33.268596],[-96.609902,33.267965],[-96.609384,33.267224],[-96.612192,33.2648],[-96.610862,33.264129],[-96.612489,33.261547],[-96.61125900000002,33.260729],[-96.611649,33.260168],[-96.609597,33.25780900000001],[-96.609611,33.257759],[-96.609577,33.257688],[-96.617358,33.251717],[-96.618295,33.250859],[-96.61825,33.250644],[-96.618199,33.250386],[-96.623521,33.24628],[-96.622422,33.244463],[-96.619232,33.244149],[-96.618272,33.243311],[-96.615145,33.244073],[-96.615126,33.244038],[-96.614875,33.244107],[-96.611612,33.243561],[-96.610367,33.243566],[-96.609202,33.243887],[-96.609021,33.24377500000001],[-96.608991,33.243761],[-96.60871200000001,33.241207],[-96.606188,33.241186],[-96.604096,33.238185],[-96.602082,33.237539],[-96.60351200000001,33.235908],[-96.599488,33.235376],[-96.599314,33.235441],[-96.59653700000001,33.242596],[-96.595205,33.244023],[-96.587133,33.251118],[-96.586656,33.250833],[-96.586685,33.24917],[-96.58145900000001,33.25102],[-96.58105,33.250736],[-96.579954,33.250490000000006],[-96.576927,33.252217],[-96.578789,33.256273],[-96.577492,33.258566],[-96.578087,33.261629],[-96.577058,33.263489],[-96.575891,33.263437],[-96.568634,33.263404],[-96.568821,33.270213],[-96.564783,33.270111],[-96.563012,33.270059],[-96.562025,33.270035],[-96.559165,33.269966],[-96.559314,33.266469],[-96.55377800000001,33.265458],[-96.549337,33.265479],[-96.549316,33.264743],[-96.547911,33.264733],[-96.548096,33.260218],[-96.546039,33.260156],[-96.545881,33.263736],[-96.544069,33.264672],[-96.533046,33.26437],[-96.533167,33.26277],[-96.524349,33.262196],[-96.524327,33.264476],[-96.52277,33.263936],[-96.521868,33.260948],[-96.519156,33.259749],[-96.51526,33.263694],[-96.512885,33.26663],[-96.512892,33.268769],[-96.50212,33.268483],[-96.501878,33.273463],[-96.500956,33.276205],[-96.500854,33.279102],[-96.496743,33.278568],[-96.494946,33.276796],[-96.494754,33.27658],[-96.493576,33.274493],[-96.491084,33.272658],[-96.487652,33.27336400000001],[-96.483521,33.27336400000001],[-96.479834,33.274406],[-96.478371,33.273183],[-96.47652100000002,33.272841],[-96.476417,33.269893],[-96.475245,33.267398],[-96.477517,33.265422],[-96.476536,33.264767],[-96.477133,33.262976],[-96.479199,33.262504],[-96.478979,33.260548],[-96.479755,33.2605],[-96.478113,33.25797],[-96.479406,33.257755],[-96.481225,33.259478],[-96.484488,33.259269],[-96.486585,33.261633],[-96.490998,33.262779],[-96.490503,33.259853],[-96.490549,33.256605],[-96.48942,33.253234],[-96.489599,33.249681],[-96.48369,33.248357],[-96.476369,33.248029],[-96.474734,33.247135],[-96.476182,33.243969],[-96.480001,33.24053],[-96.479486,33.239655],[-96.48072800000001,33.238498],[-96.48052,33.235743],[-96.478602,33.234447],[-96.478485,33.23305],[-96.48454400000001,33.234329],[-96.492384,33.234142],[-96.495929,33.235273],[-96.49851,33.2355],[-96.501846,33.23455],[-96.505916,33.234901],[-96.507738,33.234809],[-96.50953,33.233201],[-96.509576,33.233154],[-96.509749,33.233006],[-96.509626,33.232232],[-96.509789,33.229467],[-96.510045,33.2243],[-96.510284,33.222522],[-96.518319,33.222617],[-96.518371,33.221089],[-96.520352,33.221114],[-96.520597,33.21147],[-96.525235,33.211599],[-96.531664,33.2118],[-96.532218,33.206839],[-96.534494,33.206839],[-96.534576,33.203247],[-96.531354,33.203233],[-96.531332,33.199096],[-96.533485,33.199078],[-96.538112,33.199124],[-96.53825,33.196308],[-96.541396,33.196452],[-96.541499,33.190925],[-96.5429,33.191042],[-96.54501,33.191113],[-96.545603,33.191101],[-96.547904,33.191949],[-96.548005,33.192017],[-96.547875,33.191168],[-96.547876,33.190052],[-96.547799,33.190049],[-96.547798,33.190025],[-96.54809500000002,33.189961],[-96.549332,33.19053],[-96.55065800000001,33.191079],[-96.552634,33.191541],[-96.552673,33.191553],[-96.557272,33.192891],[-96.557187,33.193072],[-96.557177,33.193096],[-96.558266,33.193309],[-96.564926,33.195284],[-96.56579,33.196432],[-96.566063,33.196126],[-96.569476,33.19720100000001],[-96.569353,33.197758],[-96.569957,33.198017],[-96.573469,33.197996],[-96.574119,33.198258],[-96.574346,33.198065],[-96.575642,33.198374],[-96.578601,33.199195],[-96.578713,33.199055],[-96.595925,33.20368],[-96.59593100000001,33.203849],[-96.595961,33.203798],[-96.602119,33.205647],[-96.605782,33.20759600000001],[-96.605943,33.207547],[-96.60879400000002,33.209198],[-96.61078800000001,33.203263],[-96.611848,33.203271],[-96.611848,33.20336],[-96.611843,33.205275],[-96.612895,33.211506],[-96.613754,33.215888],[-96.613441,33.222349],[-96.613929,33.221586],[-96.614455,33.222006],[-96.61471,33.222361],[-96.614878,33.223038],[-96.614784,33.223332],[-96.614361,33.223543],[-96.613186,33.223473],[-96.612484,33.227251],[-96.612685,33.22979],[-96.610902,33.234986],[-96.610422,33.238481],[-96.610839,33.238855],[-96.612802,33.239827],[-96.613358,33.239623],[-96.629636,33.239837],[-96.629706,33.239699],[-96.628138,33.239659],[-96.628006,33.238124],[-96.628077,33.229332],[-96.632849,33.229266],[-96.634538,33.222892],[-96.636237,33.216672],[-96.6411,33.216761],[-96.640651,33.213113],[-96.641428,33.210788],[-96.638902,33.20976400000001],[-96.640875,33.208983],[-96.640234,33.204148],[-96.640717,33.204148],[-96.639881,33.202011],[-96.64116100000001,33.198551],[-96.64317,33.198616],[-96.649476,33.198849],[-96.654949,33.199016],[-96.656413,33.198929],[-96.65861200000002,33.197986],[-96.65854,33.197915],[-96.660876,33.196669],[-96.661604,33.196444],[-96.66229,33.196353],[-96.665747,33.196466],[-96.672664,33.196629],[-96.67650700000002,33.196827],[-96.680455,33.197521],[-96.680669,33.197558],[-96.684562,33.198344],[-96.685685,33.198474],[-96.687712,33.198602],[-96.688179,33.196909],[-96.69046900000001,33.197621],[-96.691619,33.196022],[-96.695087,33.196013],[-96.695031,33.197453],[-96.69818,33.198466],[-96.698401,33.198479],[-96.701696,33.199145],[-96.703112,33.199216],[-96.704234,33.199163],[-96.705913,33.198925],[-96.70592800000001,33.196253],[-96.708801,33.195791],[-96.70967,33.198203],[-96.713083,33.197519],[-96.713657,33.198417],[-96.712358,33.200126],[-96.712936,33.200654],[-96.714022,33.201956],[-96.714486,33.202531],[-96.715565,33.203266000000006],[-96.71636900000001,33.203412],[-96.732936,33.203587],[-96.741704,33.203605],[-96.742594,33.203588],[-96.74647400000002,33.203609],[-96.746545,33.203609],[-96.750335,33.203593],[-96.750385,33.203593],[-96.750656,33.203594],[-96.752206,33.203601],[-96.754364,33.203609],[-96.76026,33.203636],[-96.76749,33.203704],[-96.767702,33.203697],[-96.767674,33.205954]]]},"properties":{"zcta":"75071","city_names":["Frisco","McKinney"],"search_label":"75071 Frisco / McKinney","dem_votes":15976,"rep_votes":23992,"total_votes":40883,"total_major_party_votes":39968,"dem_share":0.3997,"rep_share":0.6003,"margin":-0.2006,"winner":"Republican","precincts_assigned":18,"population":null,"median_age":null,"median_household_income":null,"white_non_hispanic_share":null,"black_non_hispanic_share":null,"asian_non_hispanic_share":null,"hispanic_share":null,"housing_units":null,"dominant_housing_era":null,"dominant_housing_era_share":null,"crime_year":2025,"crime_total":null,"robbery_count":null,"homicide_count":null,"aggravated_assault_count":null,"shooting_count":null,"violent_crime_rate_per_100k":null,"robbery_rate_per_100k":null,"homicide_rate_per_100k":null,"shooting_rate_per_100k":null,"politics_status":"Mapped","safety_status":"Needs Review","demographics_status":"Needs Review","needs_review":true,"source_label":"ACS 5-year ZCTA, Dallas OpenData incidents, 2024 presidential precinct returns"}},{"type":"Feature","geometry":{"bbox":[-96.767898,33.167873,-96.63955400000002,33.203704],"type":"Polygon","coordinates":[[[-96.767825,33.189022],[-96.767818,33.189118],[-96.767818,33.189144],[-96.763497,33.189091],[-96.762497,33.189077],[-96.762444,33.193857],[-96.762409,33.196414],[-96.767506,33.196498],[-96.767502,33.197965],[-96.76775,33.197966],[-96.767702,33.203697],[-96.76749,33.203704],[-96.76026,33.203636],[-96.754364,33.203609],[-96.752206,33.203601],[-96.750656,33.203594],[-96.750385,33.203593],[-96.750335,33.203593],[-96.746545,33.203609],[-96.74647400000002,33.203609],[-96.742594,33.203588],[-96.741704,33.203605],[-96.732936,33.203587],[-96.71636900000001,33.203412],[-96.715565,33.203266000000006],[-96.714486,33.202531],[-96.714022,33.201956],[-96.712936,33.200654],[-96.712358,33.200126],[-96.713657,33.198417],[-96.713083,33.197519],[-96.70967,33.198203],[-96.708801,33.195791],[-96.70592800000001,33.196253],[-96.705913,33.198925],[-96.704234,33.199163],[-96.703112,33.199216],[-96.701696,33.199145],[-96.698401,33.198479],[-96.69818,33.198466],[-96.695031,33.197453],[-96.695087,33.196013],[-96.691619,33.196022],[-96.69046900000001,33.197621],[-96.688179,33.196909],[-96.687712,33.198602],[-96.685685,33.198474],[-96.684562,33.198344],[-96.680669,33.197558],[-96.680455,33.197521],[-96.67650700000002,33.196827],[-96.672664,33.196629],[-96.665747,33.196466],[-96.66229,33.196353],[-96.661604,33.196444],[-96.660876,33.196669],[-96.65854,33.197915],[-96.65861200000002,33.197986],[-96.656413,33.198929],[-96.654949,33.199016],[-96.649476,33.198849],[-96.64317,33.198616],[-96.641186,33.198434],[-96.641868,33.197099],[-96.641086,33.193781],[-96.641668,33.189382],[-96.643014,33.189863],[-96.64335,33.188741],[-96.64098500000001,33.185677000000005],[-96.639787,33.18518],[-96.63955400000002,33.185161],[-96.639569,33.184956],[-96.640302,33.173527],[-96.640567,33.171985],[-96.644198,33.17224],[-96.647542,33.170701],[-96.65033,33.170806],[-96.65021800000001,33.171917],[-96.653845,33.173713],[-96.654502,33.172739],[-96.655071,33.171169],[-96.658588,33.16912],[-96.661574,33.168096],[-96.66472700000001,33.167873],[-96.669649,33.167924],[-96.670776,33.16816],[-96.672222,33.168826],[-96.671153,33.170262],[-96.672017,33.173828],[-96.676389,33.173828],[-96.676313,33.178037],[-96.676405,33.17807],[-96.679407,33.1742],[-96.6802,33.173586],[-96.682441,33.173959],[-96.68438,33.173988],[-96.684602,33.173991],[-96.691787,33.174055],[-96.698065,33.174184],[-96.698067,33.173995],[-96.698281,33.174003],[-96.698413,33.174008],[-96.701653,33.174035],[-96.708086,33.174115],[-96.715496,33.174158],[-96.715701,33.174158],[-96.720223,33.174373],[-96.722053,33.175052],[-96.722209,33.175065],[-96.725546,33.175705],[-96.730109,33.174422],[-96.732904,33.174154],[-96.732902,33.174361],[-96.732762,33.179764],[-96.732791,33.181616],[-96.732829,33.184735],[-96.732864,33.185238],[-96.73291,33.186197],[-96.73296000000002,33.185238],[-96.74151,33.185329],[-96.741579,33.181619],[-96.750107,33.18166],[-96.750092,33.182186],[-96.757469,33.182264],[-96.757981,33.181902],[-96.767898,33.182016],[-96.767825,33.189022]]]},"properties":{"zcta":"75072","city_names":["Frisco","McKinney"],"search_label":"75072 Frisco / McKinney","dem_votes":10204,"rep_votes":15323,"total_votes":26113,"total_major_party_votes":25527,"dem_share":0.3997,"rep_share":0.6003,"margin":-0.2006,"winner":"Republican","precincts_assigned":13,"population":null,"median_age":null,"median_household_income":null,"white_non_hispanic_share":null,"black_non_hispanic_share":null,"asian_non_hispanic_share":null,"hispanic_share":null,"housing_units":null,"dominant_housing_era":null,"dominant_housing_era_share":null,"crime_year":2025,"crime_total":null,"robbery_count":null,"homicide_count":null,"aggravated_assault_count":null,"shooting_count":null,"violent_crime_rate_per_100k":null,"robbery_rate_per_100k":null,"homicide_rate_per_100k":null,"shooting_rate_per_100k":null,"politics_status":"Mapped","safety_status":"Needs Review","demographics_status":"Needs Review","needs_review":true,"source_label":"ACS 5-year ZCTA, Dallas OpenData incidents, 2024 presidential precinct returns"}},{"type":"Feature","geometry":{"bbox":[-96.709825,32.996975,-96.631854,33.075364],"type":"Polygon","coordinates":[[[-96.709825,33.024746],[-96.708952,33.02856],[-96.70433100000001,33.037459],[-96.704263,33.037581],[-96.699515,33.046491],[-96.693808,33.057223],[-96.690021,33.066077],[-96.689278,33.067847],[-96.686229,33.075364],[-96.685709,33.075219],[-96.685506,33.073791],[-96.684623,33.07372600000001],[-96.68395900000002,33.070897],[-96.68218,33.073121],[-96.677064,33.072918],[-96.672859,33.072662],[-96.664161,33.072696],[-96.663457,33.072849],[-96.659887,33.072874],[-96.657038,33.07264300000001],[-96.656187,33.072843],[-96.655222,33.073137],[-96.65497,33.072861],[-96.654903,33.072795],[-96.654846,33.072664],[-96.65479,33.072356],[-96.654818,33.072153],[-96.654861,33.072023],[-96.655044,33.071688],[-96.65511500000001,33.071527],[-96.655207,33.071195],[-96.655325,33.068196],[-96.656989,33.066513],[-96.657187,33.064818],[-96.655789,33.062733],[-96.656319,33.060521],[-96.655049,33.057592],[-96.657092,33.055573],[-96.656687,33.05404],[-96.653961,33.050814],[-96.653803,33.050745],[-96.653149,33.051319],[-96.650388,33.053345],[-96.644204,33.052771],[-96.640026,33.053156],[-96.639366,33.05247],[-96.639432,33.049047],[-96.640969,33.049047],[-96.641224,33.044098],[-96.643574,33.043266],[-96.642281,33.041916],[-96.642859,33.039268],[-96.641824,33.037989],[-96.64041,33.037292],[-96.639089,33.035935],[-96.639855,33.03373700000001],[-96.640569,33.033613],[-96.64059800000001,33.029989],[-96.642222,33.028624],[-96.642037,33.024017],[-96.64090100000001,33.02277],[-96.640952,33.019174],[-96.641903,33.017422],[-96.643047,33.016709],[-96.641752,33.015213],[-96.639662,33.01451],[-96.639931,33.013388],[-96.636576,33.01320200000001],[-96.631861,33.010595],[-96.631854,33.010412],[-96.633568,33.006855],[-96.632641,33.006027],[-96.633206,33.005011],[-96.647488,33.004629],[-96.651546,33.004397],[-96.659224,33.004274],[-96.65924,33.003432],[-96.662286,33.003455],[-96.662272,33.004007],[-96.66482,33.004106],[-96.664844,33.00362],[-96.664936,33.002806],[-96.664968,32.997262],[-96.66496,32.996975],[-96.670988,32.996994],[-96.671136,32.997159],[-96.671243,32.997276],[-96.6734,32.999127],[-96.67586200000001,33.000662],[-96.678422,33.0017],[-96.682366,33.002412],[-96.682379,33.002786],[-96.699349,33.003731],[-96.702312,33.003967],[-96.708001,33.004233],[-96.707719,33.006749],[-96.707776,33.0092],[-96.708405,33.016664],[-96.709249,33.019654],[-96.709635,33.021395],[-96.709825,33.024746]]]},"properties":{"zcta":"75074","city_names":["Allen","Plano","Richardson"],"search_label":"75074 Allen / Plano / Richardson","dem_votes":9833,"rep_votes":7892,"total_votes":18966,"total_major_party_votes":17725,"dem_share":0.5548,"rep_share":0.4452,"margin":0.1096,"winner":"Democratic","precincts_assigned":12,"population":null,"median_age":null,"median_household_income":null,"white_non_hispanic_share":null,"black_non_hispanic_share":null,"asian_non_hispanic_share":null,"hispanic_share":null,"housing_units":null,"dominant_housing_era":null,"dominant_housing_era_share":null,"crime_year":2025,"crime_total":2,"robbery_count":0,"homicide_count":0,"aggravated_assault_count":0,"shooting_count":0,"violent_crime_rate_per_100k":null,"robbery_rate_per_100k":null,"homicide_rate_per_100k":null,"shooting_rate_per_100k":null,"politics_status":"Mapped","safety_status":"Dallas OpenData","demographics_status":"Needs Review","needs_review":true,"source_label":"ACS 5-year ZCTA, Dallas OpenData incidents, 2024 presidential precinct returns"}},{"type":"Feature","geometry":{"bbox":[-96.786423,32.999118,-96.704263,33.041303],"type":"Polygon","coordinates":[[[-96.786423,33.011775],[-96.77154,33.009211],[-96.767077,33.007773],[-96.766696,33.009061],[-96.76667200000001,33.010176],[-96.766657,33.017615],[-96.766928,33.018973],[-96.767093,33.018935],[-96.769021,33.022333],[-96.771984,33.022041],[-96.771938,33.025306],[-96.774451,33.026772],[-96.772552,33.026732],[-96.772541,33.026885],[-96.77015,33.026854],[-96.771928,33.027448],[-96.771984,33.031503],[-96.772175,33.032691],[-96.769977,33.032669],[-96.769962,33.034681],[-96.76995800000002,33.035511],[-96.769884,33.041303],[-96.768634,33.041116],[-96.765317,33.041055],[-96.76194500000001,33.041013],[-96.753385,33.040976],[-96.753382,33.04112],[-96.743822,33.041127],[-96.743809,33.040954],[-96.73592,33.04092700000001],[-96.73349,33.04092],[-96.733321,33.04092],[-96.728935,33.040954],[-96.726474,33.040964],[-96.722837,33.040996],[-96.716246,33.040891],[-96.716235,33.041071],[-96.716059,33.041067],[-96.709025,33.0409],[-96.706553,33.0381],[-96.704263,33.037581],[-96.70433100000001,33.037459],[-96.708952,33.02856],[-96.709825,33.024746],[-96.709635,33.021395],[-96.709249,33.019654],[-96.708405,33.016664],[-96.707776,33.0092],[-96.707719,33.006749],[-96.708001,33.004233],[-96.708068,33.003809],[-96.711965,33.003811],[-96.716326,33.003824],[-96.731842,33.003748],[-96.732103,33.003746],[-96.745378,33.003558],[-96.748308,33.003113],[-96.749583,33.0028],[-96.751951,33.001959],[-96.756215,33.000301],[-96.756743,33.000152],[-96.762436,32.999118],[-96.767736,32.99931],[-96.767729,32.999581],[-96.76788200000001,32.999598],[-96.767849,33.00278],[-96.773132,33.002866],[-96.775785,33.004111],[-96.780824,33.008197],[-96.783423,33.008754],[-96.78431,33.010143],[-96.786423,33.011775]]]},"properties":{"zcta":"75075","city_names":["Dallas","Plano","Richardson"],"search_label":"75075 Dallas / Plano / Richardson","dem_votes":8882,"rep_votes":8691,"total_votes":17986,"total_major_party_votes":17573,"dem_share":0.5054,"rep_share":0.4946,"margin":0.0108,"winner":"Democratic","precincts_assigned":12,"population":null,"median_age":null,"median_household_income":null,"white_non_hispanic_share":null,"black_non_hispanic_share":null,"asian_non_hispanic_share":null,"hispanic_share":null,"housing_units":null,"dominant_housing_era":null,"dominant_housing_era_share":null,"crime_year":2025,"crime_total":null,"robbery_count":null,"homicide_count":null,"aggravated_assault_count":null,"shooting_count":null,"violent_crime_rate_per_100k":null,"robbery_rate_per_100k":null,"homicide_rate_per_100k":null,"shooting_rate_per_100k":null,"politics_status":"Mapped","safety_status":"Needs Review","demographics_status":"Needs Review","needs_review":true,"source_label":"ACS 5-year ZCTA, Dallas OpenData incidents, 2024 presidential precinct returns"}},{"type":"Feature","geometry":{"bbox":[-97.13149900000002,33.044494,-97.00934,33.110737],"type":"Polygon","coordinates":[[[-97.13149900000002,33.064881],[-97.127121,33.064873],[-97.12708,33.06761500000001],[-97.122823,33.06761500000001],[-97.122808,33.067655],[-97.122795,33.068014],[-97.12273,33.069911],[-97.12279400000001,33.070546],[-97.122318,33.073949],[-97.11867900000001,33.073919],[-97.115478,33.073718],[-97.112412,33.072251],[-97.108726,33.072171],[-97.108228,33.07216700000001],[-97.10392,33.072118],[-97.101897,33.072101],[-97.10191000000002,33.076187],[-97.101883,33.081225],[-97.101909,33.081233],[-97.104216,33.081208],[-97.104108,33.091584],[-97.103065,33.091739],[-97.102798,33.094448],[-97.101842,33.099092],[-97.101785,33.103049],[-97.101775,33.103177],[-97.10342,33.103122],[-97.10345,33.10326],[-97.10342700000001,33.110737],[-97.097827,33.104367],[-97.094979,33.107573],[-97.092859,33.108789],[-97.090447,33.107729],[-97.090125,33.106215],[-97.087667,33.104543],[-97.087679,33.10959],[-97.080931,33.109347],[-97.080883,33.107911],[-97.079186,33.108133],[-97.07925,33.11031],[-97.07829,33.1098],[-97.077703,33.104628],[-97.075718,33.104613],[-97.070518,33.100163],[-97.06733400000002,33.100481],[-97.065449,33.101118],[-97.062277,33.102819],[-97.060992,33.103521],[-97.058601,33.10155],[-97.057803,33.100903],[-97.05667800000002,33.100035],[-97.054427,33.100025],[-97.054372,33.100195],[-97.047689,33.100788],[-97.043577,33.101252],[-97.033787,33.10242],[-97.02764,33.102081],[-97.026033,33.101571],[-97.023944,33.100275],[-97.02346,33.099859],[-97.021988,33.098233],[-97.018537,33.092362],[-97.016492,33.090109],[-97.012094,33.08757],[-97.012108,33.086836],[-97.017992,33.086648],[-97.021151,33.08582],[-97.022233,33.085885],[-97.023791,33.083066],[-97.025577,33.082884],[-97.026505,33.084448],[-97.025091,33.080346],[-97.019276,33.071689],[-97.015427,33.065894],[-97.013337,33.061157],[-97.015546,33.061616],[-97.019996,33.062958],[-97.019854,33.061132],[-97.019222,33.059943],[-97.017222,33.060223],[-97.017259,33.058633],[-97.013156,33.058456],[-97.01054300000001,33.051941],[-97.00934,33.04632],[-97.010631,33.046239],[-97.014136,33.044494],[-97.014849,33.045727],[-97.016577,33.049563],[-97.01779,33.05075],[-97.01879,33.049855],[-97.02108,33.04891],[-97.021627,33.046959],[-97.02643600000002,33.046118],[-97.026419,33.047065],[-97.028235,33.047283],[-97.03146200000002,33.04915900000001],[-97.03535,33.04939],[-97.03584,33.0494],[-97.03892,33.04907],[-97.04008,33.04911],[-97.040516,33.048682],[-97.044523,33.048934],[-97.04453,33.049639000000006],[-97.044628,33.060507],[-97.044473,33.065385],[-97.04456,33.070327],[-97.048533,33.071554],[-97.057565,33.071565],[-97.061861,33.072569],[-97.065764,33.073625],[-97.067409,33.073787],[-97.07652000000002,33.07381],[-97.07781,33.07372],[-97.081627,33.072269],[-97.08344,33.07201],[-97.08795,33.072029],[-97.08808,33.06259],[-97.092019,33.06261],[-97.094042,33.06262],[-97.094042,33.062536],[-97.095611,33.062088],[-97.095614,33.061858],[-97.096817,33.061838],[-97.096871,33.058548],[-97.09708,33.0583],[-97.10964,33.05838],[-97.109686,33.054726],[-97.119411,33.054501],[-97.121761,33.054542],[-97.121723,33.056613],[-97.128729,33.057198],[-97.12881700000001,33.05759],[-97.129328,33.058378],[-97.1311,33.059089],[-97.131438,33.059393],[-97.13149900000002,33.064881]]]},"properties":{"zcta":"75077","city_names":["Lewisville"],"search_label":"75077 Lewisville","dem_votes":9162,"rep_votes":13896,"total_votes":23402,"total_major_party_votes":23058,"dem_share":0.3973,"rep_share":0.6027,"margin":-0.2054,"winner":"Republican","precincts_assigned":10,"population":null,"median_age":null,"median_household_income":null,"white_non_hispanic_share":null,"black_non_hispanic_share":null,"asian_non_hispanic_share":null,"hispanic_share":null,"housing_units":null,"dominant_housing_era":null,"dominant_housing_era_share":null,"crime_year":2025,"crime_total":1,"robbery_count":0,"homicide_count":0,"aggravated_assault_count":0,"shooting_count":0,"violent_crime_rate_per_100k":null,"robbery_rate_per_100k":null,"homicide_rate_per_100k":null,"shooting_rate_per_100k":null,"politics_status":"Mapped","safety_status":"Dallas OpenData","demographics_status":"Needs Review","needs_review":true,"source_label":"ACS 5-year ZCTA, Dallas OpenData incidents, 2024 presidential precinct returns"}},{"type":"Feature","geometry":{"bbox":[-96.89805,33.218541,-96.732534,33.286948],"type":"Polygon","coordinates":[[[-96.897569,33.222603],[-96.897338,33.223824],[-96.897,33.231009],[-96.885224,33.230479],[-96.88377700000001,33.232537],[-96.884066,33.233775],[-96.88356,33.240819],[-96.882456,33.242626],[-96.882306,33.243499],[-96.880329,33.244527],[-96.880254,33.248239],[-96.894403,33.248404],[-96.89426,33.25122],[-96.89422,33.25189],[-96.88273,33.25186],[-96.88229,33.252071],[-96.88219,33.253156],[-96.882972,33.253167],[-96.882958,33.255199],[-96.882166,33.255189],[-96.882106,33.254489],[-96.882012,33.25425700000001],[-96.878288,33.254298],[-96.87537,33.2539],[-96.870907,33.25369500000001],[-96.868106,33.25434],[-96.865608,33.255623],[-96.864391,33.257914],[-96.863975,33.258058],[-96.86378,33.258232],[-96.86353800000002,33.258419],[-96.863856,33.268253],[-96.86392,33.272118],[-96.864461,33.272293],[-96.864628,33.274676],[-96.8646,33.27718],[-96.858965,33.277119],[-96.852495,33.277101],[-96.845543,33.277076],[-96.841932,33.277084],[-96.841489,33.277086],[-96.83854300000002,33.277084],[-96.837356,33.277084],[-96.837084,33.27941],[-96.831605,33.279369],[-96.831584,33.281206],[-96.825257,33.281065],[-96.825055,33.278391000000006],[-96.823367,33.279958],[-96.817957,33.279127],[-96.816792,33.27917000000001],[-96.816369,33.279259],[-96.816251,33.279769],[-96.815311,33.279809],[-96.815278,33.277312],[-96.815329,33.275526],[-96.815332,33.275365],[-96.815376,33.273498],[-96.815396,33.272669],[-96.815002,33.271505],[-96.815373,33.270982],[-96.815369,33.269528],[-96.815335,33.267581],[-96.81534,33.267308],[-96.815438,33.262777],[-96.801551,33.262695],[-96.801556,33.267012],[-96.799457,33.266237],[-96.80032900000002,33.262715],[-96.797156,33.262694],[-96.788725,33.262646],[-96.784305,33.262605],[-96.78429900000002,33.262737],[-96.78399400000002,33.271741],[-96.775829,33.271596],[-96.766716,33.271623],[-96.76506,33.271628],[-96.764943,33.277104],[-96.76218,33.277096],[-96.762151,33.286948],[-96.758056,33.286921],[-96.758082,33.284586],[-96.754137,33.284528],[-96.753221,33.27863],[-96.752377,33.277763],[-96.752358,33.277237],[-96.745864,33.27713200000001],[-96.745848,33.278092],[-96.738794,33.2791],[-96.738906,33.276172],[-96.739953,33.274335],[-96.744094,33.27278],[-96.744561,33.269219],[-96.743915,33.267819],[-96.743686,33.263772],[-96.744798,33.262349],[-96.743732,33.262408],[-96.740508,33.262352],[-96.740136,33.264679],[-96.736468,33.26426500000001],[-96.735312,33.266223],[-96.735394,33.262425],[-96.73297,33.262454],[-96.73298,33.262254],[-96.73298,33.262097],[-96.732985,33.2565],[-96.732534,33.25461],[-96.732552,33.247617],[-96.732665,33.237582],[-96.732678,33.23661],[-96.732725,33.23164200000001],[-96.73281,33.222689],[-96.732823,33.21857],[-96.733789,33.218541],[-96.741792,33.218575],[-96.750293,33.218631],[-96.755337,33.21866],[-96.767615,33.218746],[-96.784097,33.218849],[-96.784868,33.218854],[-96.8019,33.218918],[-96.802866,33.218922],[-96.83880300000001,33.219386],[-96.860664,33.219181],[-96.87258,33.219099],[-96.880345,33.21906],[-96.887158,33.219285],[-96.88977,33.219318],[-96.891256,33.219361],[-96.89805,33.21952],[-96.897569,33.222603]]]},"properties":{"zcta":"75078","city_names":["Frisco","McKinney"],"search_label":"75078 Frisco / McKinney","dem_votes":6611,"rep_votes":14626,"total_votes":21672,"total_major_party_votes":21237,"dem_share":0.3113,"rep_share":0.6887,"margin":-0.3774,"winner":"Republican","precincts_assigned":7,"population":null,"median_age":null,"median_household_income":null,"white_non_hispanic_share":null,"black_non_hispanic_share":null,"asian_non_hispanic_share":null,"hispanic_share":null,"housing_units":null,"dominant_housing_era":null,"dominant_housing_era_share":null,"crime_year":2025,"crime_total":null,"robbery_count":null,"homicide_count":null,"aggravated_assault_count":null,"shooting_count":null,"violent_crime_rate_per_100k":null,"robbery_rate_per_100k":null,"homicide_rate_per_100k":null,"shooting_rate_per_100k":null,"politics_status":"Mapped","safety_status":"Needs Review","demographics_status":"Needs Review","needs_review":true,"source_label":"ACS 5-year ZCTA, Dallas OpenData incidents, 2024 presidential precinct returns"}},{"type":"Feature","geometry":{"bbox":[-96.769025,32.938314,-96.708068,33.003824],"type":"Polygon","coordinates":[[[-96.769021,32.946548],[-96.768988,32.950845],[-96.768983,32.950985],[-96.768942,32.962237],[-96.76892600000001,32.968004],[-96.76892,32.970694],[-96.768867,32.974815],[-96.768214,32.978351],[-96.768216,32.982891],[-96.757388,32.9829],[-96.756634,32.984336],[-96.756461,32.985554],[-96.758384,32.985593],[-96.758384,32.986324],[-96.756464,32.986298],[-96.75644,32.994799],[-96.755095,32.996918],[-96.756459,32.997481],[-96.756743,33.000152],[-96.756215,33.000301],[-96.751951,33.001959],[-96.749583,33.0028],[-96.748308,33.003113],[-96.745378,33.003558],[-96.732103,33.003746],[-96.731842,33.003748],[-96.716326,33.003824],[-96.711965,33.003811],[-96.708068,33.003809],[-96.708686,32.999581],[-96.709022,32.997207],[-96.708676,32.997219],[-96.709623,32.990705],[-96.708455,32.990549],[-96.710006,32.987178],[-96.70839700000002,32.986689000000005],[-96.710983,32.985681],[-96.71125900000001,32.985685],[-96.711528,32.985689],[-96.716221,32.975527],[-96.715905,32.97553],[-96.715454,32.975358],[-96.720135,32.967508],[-96.724416,32.960698],[-96.725335,32.960693],[-96.727228,32.957701],[-96.728833,32.957707],[-96.730801,32.954589],[-96.729568,32.954027],[-96.732348,32.949439],[-96.733244,32.949838],[-96.734899,32.949568],[-96.734266,32.948256],[-96.736675,32.944855],[-96.742323,32.940927],[-96.74234,32.940115000000006],[-96.745583,32.940009],[-96.745941,32.939999],[-96.748076,32.938314],[-96.748136,32.939974],[-96.751937,32.939974],[-96.756558,32.939972],[-96.757402,32.939979],[-96.759437,32.93998500000001],[-96.760603,32.939949],[-96.76116500000002,32.939884],[-96.763978,32.939835],[-96.766388,32.939886],[-96.768987,32.939867],[-96.76900800000001,32.944802],[-96.769025,32.945847],[-96.769021,32.946548]]]},"properties":{"zcta":"75080","city_names":["Dallas","Richardson"],"search_label":"75080 Dallas / Richardson","dem_votes":11576,"rep_votes":9447,"total_votes":21693,"total_major_party_votes":21023,"dem_share":0.5506,"rep_share":0.4494,"margin":0.1012,"winner":"Democratic","precincts_assigned":16,"population":null,"median_age":null,"median_household_income":null,"white_non_hispanic_share":null,"black_non_hispanic_share":null,"asian_non_hispanic_share":null,"hispanic_share":null,"housing_units":null,"dominant_housing_era":null,"dominant_housing_era_share":null,"crime_year":2025,"crime_total":6,"robbery_count":0,"homicide_count":0,"aggravated_assault_count":0,"shooting_count":0,"violent_crime_rate_per_100k":null,"robbery_rate_per_100k":null,"homicide_rate_per_100k":null,"shooting_rate_per_100k":null,"politics_status":"Mapped","safety_status":"Dallas OpenData","demographics_status":"Needs Review","needs_review":true,"source_label":"ACS 5-year ZCTA, Dallas OpenData incidents, 2024 presidential precinct returns"}},{"type":"Feature","geometry":{"bbox":[-96.748368,32.923074,-96.682502,32.979577],"type":"Polygon","coordinates":[[[-96.748166,32.935405],[-96.748131,32.937607],[-96.748076,32.938314],[-96.745941,32.939999],[-96.745583,32.940009],[-96.74234,32.940115000000006],[-96.742323,32.940927],[-96.736675,32.944855],[-96.734266,32.948256],[-96.734899,32.949568],[-96.733244,32.949838],[-96.732348,32.949439],[-96.729568,32.954027],[-96.730801,32.954589],[-96.728833,32.957707],[-96.727228,32.957701],[-96.725335,32.960693],[-96.724416,32.960698],[-96.720135,32.967508],[-96.715454,32.975358],[-96.715905,32.97553],[-96.711684,32.975449],[-96.710899,32.977046],[-96.709779,32.977842],[-96.706153,32.97952],[-96.70583600000002,32.978772],[-96.706385,32.97661],[-96.70642,32.975377],[-96.703059,32.975335],[-96.701622,32.979577],[-96.699956,32.979552],[-96.69991,32.975066],[-96.695488,32.974755],[-96.692466,32.973746],[-96.688659,32.973635],[-96.685415,32.973183],[-96.682673,32.973253],[-96.682502,32.973256],[-96.682508,32.967785],[-96.68252800000002,32.960687],[-96.682613,32.953087],[-96.682631,32.951468],[-96.682666,32.945345],[-96.682707,32.938422],[-96.682763,32.931278],[-96.68300700000002,32.931278],[-96.683019,32.931235],[-96.683068,32.931078],[-96.69206,32.931189],[-96.700013,32.931269],[-96.705904,32.93123200000001],[-96.712188,32.931251],[-96.712981,32.931238],[-96.718125,32.931291],[-96.718138,32.929332],[-96.71815000000001,32.926477],[-96.718147,32.925432],[-96.722845,32.92546],[-96.729382,32.925561],[-96.729406,32.925385000000006],[-96.732498,32.92533],[-96.733994,32.924929],[-96.735939,32.92387],[-96.737641,32.923211],[-96.738795,32.923107],[-96.740406,32.923074],[-96.740312,32.923283],[-96.735372,32.935108],[-96.735329,32.93522],[-96.738715,32.93622],[-96.740427,32.935964],[-96.741229,32.934732],[-96.743265,32.934765],[-96.744333,32.933917],[-96.745596,32.933922],[-96.748368,32.934223],[-96.748166,32.935405]]]},"properties":{"zcta":"75081","city_names":["Dallas","Garland","Richardson"],"search_label":"75081 Dallas / Garland / Richardson","dem_votes":7867,"rep_votes":5753,"total_votes":14555,"total_major_party_votes":13620,"dem_share":0.5776,"rep_share":0.4224,"margin":0.1552,"winner":"Democratic","precincts_assigned":11,"population":null,"median_age":null,"median_household_income":null,"white_non_hispanic_share":null,"black_non_hispanic_share":null,"asian_non_hispanic_share":null,"hispanic_share":null,"housing_units":null,"dominant_housing_era":null,"dominant_housing_era_share":null,"crime_year":2025,"crime_total":2,"robbery_count":0,"homicide_count":0,"aggravated_assault_count":0,"shooting_count":0,"violent_crime_rate_per_100k":null,"robbery_rate_per_100k":null,"homicide_rate_per_100k":null,"shooting_rate_per_100k":null,"politics_status":"Mapped","safety_status":"Dallas OpenData","demographics_status":"Needs Review","needs_review":true,"source_label":"ACS 5-year ZCTA, Dallas OpenData incidents, 2024 presidential precinct returns"}},{"type":"Feature","geometry":{"bbox":[-96.716221,32.973183,-96.612882,33.005063],"type":"Polygon","coordinates":[[[-96.716221,32.975527],[-96.711528,32.985689],[-96.71125900000001,32.985685],[-96.710983,32.985681],[-96.70839700000002,32.986689000000005],[-96.710006,32.987178],[-96.708455,32.990549],[-96.709623,32.990705],[-96.708676,32.997219],[-96.709022,32.997207],[-96.708686,32.999581],[-96.708068,33.003809],[-96.708001,33.004233],[-96.702312,33.003967],[-96.699349,33.003731],[-96.682379,33.002786],[-96.682366,33.002412],[-96.678422,33.0017],[-96.67586200000001,33.000662],[-96.6734,32.999127],[-96.671243,32.997276],[-96.671136,32.997159],[-96.670988,32.996994],[-96.66496,32.996975],[-96.664968,32.997262],[-96.664936,33.002806],[-96.664844,33.00362],[-96.66482,33.004106],[-96.662272,33.004007],[-96.662286,33.003455],[-96.65924,33.003432],[-96.659224,33.004274],[-96.651546,33.004397],[-96.647488,33.004629],[-96.633206,33.005011],[-96.633525,33.004694],[-96.633592,33.004245],[-96.62249,33.004957],[-96.614707,33.004934],[-96.613051,33.005063],[-96.612882,33.005049],[-96.613058,33.000222],[-96.613143,32.997614],[-96.6132,32.992939],[-96.613205,32.992554],[-96.613196,32.991869],[-96.613223,32.989777],[-96.613244,32.987826],[-96.613362,32.987513],[-96.613376,32.98677],[-96.613416,32.984895],[-96.613367,32.984309],[-96.618048,32.984373],[-96.618085,32.984791],[-96.618944,32.985045],[-96.619201,32.984603],[-96.619889,32.984962],[-96.620513,32.984466],[-96.621047,32.984412],[-96.622434,32.983932],[-96.623566,32.984213],[-96.623501,32.98445],[-96.628658,32.984523],[-96.629198,32.984531],[-96.629569,32.985154],[-96.640733,32.985506],[-96.640896,32.984928],[-96.647763,32.984796],[-96.66518,32.985044],[-96.666184,32.985056],[-96.666652,32.985063],[-96.669424,32.985103],[-96.669935,32.984178],[-96.670641,32.984564],[-96.671496,32.984958],[-96.672163,32.985141],[-96.674806,32.985179],[-96.678746,32.985234],[-96.682292,32.985285],[-96.682302,32.984967],[-96.682334,32.982318],[-96.682366,32.980169],[-96.682391,32.97898],[-96.682412,32.978181],[-96.682565,32.976968],[-96.682502,32.973256],[-96.682673,32.973253],[-96.685415,32.973183],[-96.688659,32.973635],[-96.692466,32.973746],[-96.695488,32.974755],[-96.69991,32.975066],[-96.699956,32.979552],[-96.701622,32.979577],[-96.703059,32.975335],[-96.70642,32.975377],[-96.706385,32.97661],[-96.70583600000002,32.978772],[-96.706153,32.97952],[-96.709779,32.977842],[-96.710899,32.977046],[-96.711684,32.975449],[-96.715905,32.97553],[-96.716221,32.975527]]]},"properties":{"zcta":"75082","city_names":["Garland","Murphy","Plano","Richardson"],"search_label":"75082 Garland / Murphy / Plano / Richardson","dem_votes":7404,"rep_votes":6044,"total_votes":14252,"total_major_party_votes":13448,"dem_share":0.5506,"rep_share":0.4494,"margin":0.1012,"winner":"Democratic","precincts_assigned":7,"population":null,"median_age":null,"median_household_income":null,"white_non_hispanic_share":null,"black_non_hispanic_share":null,"asian_non_hispanic_share":null,"hispanic_share":null,"housing_units":null,"dominant_housing_era":null,"dominant_housing_era_share":null,"crime_year":2025,"crime_total":1,"robbery_count":0,"homicide_count":0,"aggravated_assault_count":0,"shooting_count":0,"violent_crime_rate_per_100k":null,"robbery_rate_per_100k":null,"homicide_rate_per_100k":null,"shooting_rate_per_100k":null,"politics_status":"Mapped","safety_status":"Dallas OpenData","demographics_status":"Needs Review","needs_review":true,"source_label":"ACS 5-year ZCTA, Dallas OpenData incidents, 2024 presidential precinct returns"}},{"type":"Feature","geometry":{"bbox":[-96.509784,32.889465,-96.361571,32.994029],"type":"MultiPolygon","coordinates":[[[[-96.380227,32.94153],[-96.379016,32.941521],[-96.379201,32.944567],[-96.372939,32.949458],[-96.37294000000001,32.949593],[-96.370816,32.949235],[-96.367112,32.950373],[-96.366364,32.949818],[-96.364775,32.950264],[-96.361571,32.949877],[-96.366365,32.945855],[-96.372437,32.940766],[-96.376188,32.937596],[-96.37896,32.937823],[-96.380208,32.938001],[-96.380227,32.94153]]],[[[-96.498125,32.94354],[-96.498297,32.945117],[-96.49805600000002,32.949858],[-96.497688,32.951172],[-96.496504,32.953739],[-96.494579,32.95540600000001],[-96.491894,32.979634],[-96.491399,32.982692],[-96.489673,32.982685],[-96.479054,32.982576],[-96.466739,32.982467],[-96.46371,32.982439],[-96.443949,32.98236],[-96.443986,32.99002300000001],[-96.443271,32.992776],[-96.438671,32.993675],[-96.43717,32.994029],[-96.428345,32.991246],[-96.414287,32.990936000000005],[-96.414226,32.9925],[-96.409332,32.992764],[-96.409251,32.991627],[-96.40590900000001,32.991524],[-96.405953,32.988905],[-96.397952,32.98866],[-96.39204300000002,32.988533],[-96.392227,32.98508400000001],[-96.389447,32.985066],[-96.389555,32.982175],[-96.389042,32.982173],[-96.388977,32.977462],[-96.385714,32.977449],[-96.385679,32.974402],[-96.385687,32.97347100000001],[-96.388267,32.973482],[-96.388252,32.974848],[-96.389774,32.974857],[-96.392072,32.975458],[-96.389822,32.97349],[-96.392904,32.97326],[-96.396937,32.973755],[-96.397386,32.970439],[-96.398877,32.970436],[-96.398939,32.967255],[-96.395909,32.967269],[-96.391731,32.967326],[-96.386966,32.967335],[-96.386432,32.959945],[-96.38545,32.959944],[-96.385479,32.96396],[-96.382526,32.963945],[-96.382477,32.959941],[-96.381497,32.95994],[-96.37868,32.959933],[-96.378703,32.955281],[-96.378774,32.953153],[-96.379282,32.952276],[-96.381472,32.949517],[-96.381535,32.94909],[-96.381458,32.943479],[-96.381472,32.942791],[-96.381477,32.941515],[-96.382739,32.938691],[-96.383959,32.938687],[-96.38395,32.937981],[-96.381467,32.937995],[-96.38144,32.933987],[-96.381087,32.933459],[-96.380966,32.93329],[-96.384068,32.930846],[-96.386519,32.929499],[-96.391495,32.927501],[-96.391019,32.921734],[-96.39074500000001,32.91795],[-96.391287,32.917949],[-96.391467,32.914794],[-96.390209,32.914721],[-96.389414,32.911517],[-96.390863,32.90529],[-96.38939600000002,32.904594],[-96.40062100000002,32.904728],[-96.400861,32.905979],[-96.400897,32.907283],[-96.402282,32.908533],[-96.409616,32.908516],[-96.409658,32.916816],[-96.413078,32.916832],[-96.415615,32.915573],[-96.418292,32.915442],[-96.418284,32.919573],[-96.418283,32.919769],[-96.44481900000001,32.913248],[-96.446737,32.912335],[-96.450016,32.909272],[-96.448581,32.907123],[-96.446937,32.90466],[-96.449341,32.902667],[-96.455377,32.899288],[-96.456577,32.900328],[-96.460808,32.896712],[-96.462802,32.897394],[-96.46367,32.898819],[-96.465036,32.898437],[-96.463149,32.89498],[-96.465835,32.892583],[-96.470983,32.893983],[-96.47136600000002,32.891838],[-96.475724,32.895615],[-96.480057,32.894289],[-96.483338,32.892844],[-96.489053,32.890126],[-96.490457,32.889465],[-96.490435,32.91517],[-96.49008000000002,32.924967],[-96.496794,32.92356300000001],[-96.498362,32.936812],[-96.498125,32.94354]],[[-96.407501,32.915356],[-96.400863,32.915255],[-96.400853,32.918028],[-96.400871,32.923553],[-96.40668900000001,32.92216],[-96.406713,32.920305],[-96.407501,32.915356]]],[[[-96.509784,32.908606],[-96.509722,32.911333],[-96.509687,32.913144],[-96.50953300000002,32.920859],[-96.505341,32.921757],[-96.503377,32.915991],[-96.501509,32.914356],[-96.504943,32.912489],[-96.505178,32.910296],[-96.507542,32.908767],[-96.509782,32.908473],[-96.509784,32.908606]]]]},"properties":{"zcta":"75087","city_names":["Dallas"],"search_label":"75087 Dallas","dem_votes":7339,"rep_votes":17272,"total_votes":24986,"total_major_party_votes":24611,"dem_share":0.2982,"rep_share":0.7018,"margin":-0.4036,"winner":"Republican","precincts_assigned":9,"population":null,"median_age":null,"median_household_income":null,"white_non_hispanic_share":null,"black_non_hispanic_share":null,"asian_non_hispanic_share":null,"hispanic_share":null,"housing_units":null,"dominant_housing_era":null,"dominant_housing_era_share":null,"crime_year":2025,"crime_total":1,"robbery_count":0,"homicide_count":0,"aggravated_assault_count":0,"shooting_count":0,"violent_crime_rate_per_100k":null,"robbery_rate_per_100k":null,"homicide_rate_per_100k":null,"shooting_rate_per_100k":null,"politics_status":"Mapped","safety_status":"Dallas OpenData","demographics_status":"Needs Review","needs_review":true,"source_label":"ACS 5-year ZCTA, Dallas OpenData incidents, 2024 presidential precinct returns"}},{"type":"Feature","geometry":{"bbox":[-96.593432,32.867224,-96.488942,32.924967],"type":"Polygon","coordinates":[[[-96.593134,32.908878],[-96.593059,32.909419],[-96.591957,32.909339],[-96.576917,32.907593],[-96.569431,32.907479],[-96.56959,32.909721],[-96.556293,32.909702],[-96.556328,32.907702],[-96.55609,32.907703],[-96.550578,32.907931],[-96.54735800000002,32.909715],[-96.547072,32.909324],[-96.545872,32.908049],[-96.54298300000002,32.90807],[-96.541054,32.907994],[-96.539964,32.907992],[-96.5378889941473,32.9079959389046],[-96.536531,32.908202],[-96.535857,32.90839900000001],[-96.535042,32.908794],[-96.533127,32.91063],[-96.53415100000001,32.912],[-96.53136,32.911991],[-96.531379,32.910778],[-96.52465800000002,32.91416],[-96.525312,32.915132],[-96.52154000000002,32.917254],[-96.520799,32.915789],[-96.517912,32.91723],[-96.51131400000001,32.920303],[-96.50953300000002,32.920859],[-96.509687,32.913144],[-96.509722,32.911333],[-96.509784,32.908606],[-96.509782,32.908473],[-96.507542,32.908767],[-96.505178,32.910296],[-96.504943,32.912489],[-96.501509,32.914356],[-96.503377,32.915991],[-96.505341,32.921757],[-96.504821,32.921871],[-96.496794,32.92356300000001],[-96.49008000000002,32.924967],[-96.490435,32.91517],[-96.490457,32.889465],[-96.489053,32.890126],[-96.488942,32.890005],[-96.491755,32.88868900000001],[-96.501181,32.884119],[-96.505539,32.882163],[-96.515434,32.877358],[-96.516192,32.87653],[-96.514888,32.875693000000005],[-96.51661,32.87427],[-96.515501,32.873415],[-96.512914,32.874072],[-96.510879,32.873252],[-96.515945,32.86941],[-96.516797,32.867734],[-96.518547,32.867224],[-96.519132,32.867255],[-96.520579,32.870584],[-96.521895,32.873203],[-96.522545,32.873952],[-96.524148,32.873496],[-96.53289400000001,32.869699],[-96.533211,32.869961],[-96.53371500000002,32.869756],[-96.540754,32.872498],[-96.55282600000001,32.870558],[-96.569826,32.867827],[-96.571433,32.869104],[-96.58507,32.882123],[-96.58917100000001,32.88552500000001],[-96.590416,32.8892],[-96.590859,32.890628],[-96.592367,32.894002],[-96.592758,32.907018],[-96.593432,32.908274],[-96.593134,32.908878]]]},"properties":{"zcta":"75088","city_names":["Dallas"],"search_label":"75088 Dallas","dem_votes":5866,"rep_votes":7415,"total_votes":13494,"total_major_party_votes":13281,"dem_share":0.4417,"rep_share":0.5583,"margin":-0.1166,"winner":"Republican","precincts_assigned":8,"population":null,"median_age":null,"median_household_income":null,"white_non_hispanic_share":null,"black_non_hispanic_share":null,"asian_non_hispanic_share":null,"hispanic_share":null,"housing_units":null,"dominant_housing_era":null,"dominant_housing_era_share":null,"crime_year":2025,"crime_total":9,"robbery_count":0,"homicide_count":0,"aggravated_assault_count":0,"shooting_count":0,"violent_crime_rate_per_100k":null,"robbery_rate_per_100k":null,"homicide_rate_per_100k":null,"shooting_rate_per_100k":null,"politics_status":"Mapped","safety_status":"Dallas OpenData","demographics_status":"Needs Review","needs_review":true,"source_label":"ACS 5-year ZCTA, Dallas OpenData incidents, 2024 presidential precinct returns"}},{"type":"Feature","geometry":{"bbox":[-96.593104,32.907479,-96.496794,32.965829],"type":"Polygon","coordinates":[[[-96.593104,32.920127],[-96.591617,32.920177],[-96.591094,32.920594],[-96.589971,32.922297],[-96.586069,32.928607],[-96.5817,32.931357],[-96.575355,32.936463],[-96.577913,32.939704],[-96.579703,32.939441],[-96.582364,32.941634],[-96.582294,32.94169],[-96.574791,32.94771],[-96.570715,32.947634],[-96.562773,32.947704],[-96.560473,32.947724],[-96.55619400000002,32.946804],[-96.55593600000002,32.94705],[-96.555337,32.946911],[-96.55391,32.948507],[-96.551859,32.948636],[-96.550909,32.950806],[-96.552544,32.95304],[-96.552575,32.955038],[-96.551468,32.95635],[-96.551428,32.960929],[-96.547694,32.963214],[-96.544419,32.960473],[-96.537755,32.965696],[-96.537611,32.965829],[-96.533395,32.962194],[-96.532477,32.961399],[-96.52764900000001,32.957244],[-96.527574,32.957303],[-96.526096,32.956034],[-96.522478,32.957954],[-96.521255,32.958374],[-96.521468,32.959722],[-96.520882,32.959697],[-96.521552,32.96119],[-96.520946,32.961885],[-96.520211,32.961216],[-96.51707700000001,32.958836],[-96.51708,32.958598],[-96.516064,32.957679],[-96.51625400000002,32.954898],[-96.514955,32.953148],[-96.51551,32.95233000000001],[-96.517165,32.954167],[-96.517195,32.953735],[-96.517786,32.953229],[-96.51720400000002,32.952065],[-96.51732,32.945925],[-96.517339,32.945112],[-96.517351,32.94427400000001],[-96.51676,32.945176],[-96.498297,32.945117],[-96.498125,32.94354],[-96.498362,32.936812],[-96.496794,32.92356300000001],[-96.504821,32.921871],[-96.505341,32.921757],[-96.50953300000002,32.920859],[-96.51131400000001,32.920303],[-96.517912,32.91723],[-96.520799,32.915789],[-96.52154000000002,32.917254],[-96.525312,32.915132],[-96.52465800000002,32.91416],[-96.531379,32.910778],[-96.53136,32.911991],[-96.53415100000001,32.912],[-96.533127,32.91063],[-96.535042,32.908794],[-96.535857,32.90839900000001],[-96.536531,32.908202],[-96.5378889941473,32.9079959389046],[-96.539964,32.907992],[-96.541054,32.907994],[-96.54298300000002,32.90807],[-96.545872,32.908049],[-96.547072,32.909324],[-96.54735800000002,32.909715],[-96.550578,32.907931],[-96.55609,32.907703],[-96.556328,32.907702],[-96.556293,32.909702],[-96.56959,32.909721],[-96.569431,32.907479],[-96.576917,32.907593],[-96.591957,32.909339],[-96.593059,32.909419],[-96.593097,32.920028],[-96.593104,32.920127]]]},"properties":{"zcta":"75089","city_names":["Dallas","Garland"],"search_label":"75089 Dallas / Garland","dem_votes":7577,"rep_votes":8965,"total_votes":16854,"total_major_party_votes":16542,"dem_share":0.458,"rep_share":0.542,"margin":-0.084,"winner":"Republican","precincts_assigned":12,"population":null,"median_age":null,"median_household_income":null,"white_non_hispanic_share":null,"black_non_hispanic_share":null,"asian_non_hispanic_share":null,"hispanic_share":null,"housing_units":null,"dominant_housing_era":null,"dominant_housing_era_share":null,"crime_year":2025,"crime_total":null,"robbery_count":null,"homicide_count":null,"aggravated_assault_count":null,"shooting_count":null,"violent_crime_rate_per_100k":null,"robbery_rate_per_100k":null,"homicide_rate_per_100k":null,"shooting_rate_per_100k":null,"politics_status":"Mapped","safety_status":"Needs Review","demographics_status":"Needs Review","needs_review":true,"source_label":"ACS 5-year ZCTA, Dallas OpenData incidents, 2024 presidential precinct returns"}},{"type":"Feature","geometry":{"bbox":[-96.860229,32.999598,-96.766657,33.065615],"type":"Polygon","coordinates":[[[-96.860229,33.042003],[-96.85977,33.04482900000001],[-96.859524,33.04665],[-96.858554,33.053144],[-96.858387,33.053126],[-96.853407,33.053121],[-96.853395,33.051743],[-96.849248,33.05174],[-96.844913,33.051737],[-96.843974,33.056376],[-96.842704,33.056212],[-96.842536,33.056196],[-96.842504,33.05695],[-96.838374,33.056841],[-96.838358,33.057902],[-96.838542,33.059215],[-96.832863,33.05918],[-96.832895,33.057176],[-96.832906,33.056658000000006],[-96.830098,33.056677],[-96.829644,33.05804],[-96.82550400000001,33.064175],[-96.82505,33.065615],[-96.824566,33.065598],[-96.81877,33.065594],[-96.819425,33.063541],[-96.822289,33.062545],[-96.823947,33.058552],[-96.8256,33.056668],[-96.829289,33.05669],[-96.82944700000002,33.054848],[-96.823818,33.054684],[-96.820376,33.056519],[-96.819078,33.056558],[-96.809638,33.056566],[-96.807604,33.057649],[-96.806135,33.057052],[-96.803508,33.056745],[-96.795372,33.056632],[-96.795181,33.056626],[-96.795135,33.056466],[-96.789298,33.056371],[-96.780409,33.056252],[-96.771702,33.05594],[-96.770371,33.056012],[-96.770328,33.051772],[-96.770351,33.04925],[-96.770391,33.045614],[-96.769884,33.041303],[-96.76995800000002,33.035511],[-96.769962,33.034681],[-96.769977,33.032669],[-96.772175,33.032691],[-96.771984,33.031503],[-96.771928,33.027448],[-96.77015,33.026854],[-96.772541,33.026885],[-96.772552,33.026732],[-96.774451,33.026772],[-96.771938,33.025306],[-96.771984,33.022041],[-96.769021,33.022333],[-96.767093,33.018935],[-96.766928,33.018973],[-96.766657,33.017615],[-96.76667200000001,33.010176],[-96.766696,33.009061],[-96.767077,33.007773],[-96.77154,33.009211],[-96.786423,33.011775],[-96.78431,33.010143],[-96.783423,33.008754],[-96.780824,33.008197],[-96.775785,33.004111],[-96.773132,33.002866],[-96.767849,33.00278],[-96.76788200000001,32.999598],[-96.772403,33.000693],[-96.774776,33.001755],[-96.779811,33.004849],[-96.786052,33.009759],[-96.788468,33.011021],[-96.79001,33.01155],[-96.795295,33.012341],[-96.795274,33.013129],[-96.795472,33.013149],[-96.803329,33.013379],[-96.815144,33.013329],[-96.819769,33.013458],[-96.824456,33.014163],[-96.82476300000002,33.014222],[-96.829223,33.015062],[-96.829673,33.015144],[-96.83221500000002,33.015571],[-96.84358,33.016499],[-96.843585,33.016647],[-96.843374,33.018278],[-96.843373,33.019038],[-96.839166,33.018967],[-96.839205,33.025572],[-96.839196,33.027534],[-96.840005,33.027437],[-96.843267,33.025737],[-96.84326600000001,33.025914],[-96.843488,33.025858],[-96.84759200000002,33.025886],[-96.852484,33.026053],[-96.852286,33.02999],[-96.85440100000001,33.029995],[-96.854435,33.030996],[-96.856099,33.031069],[-96.855384,33.03315],[-96.855373,33.035479],[-96.855333,33.036912],[-96.853067,33.036922],[-96.853029,33.037397],[-96.853209,33.038083],[-96.85318900000001,33.041308],[-96.853684,33.041987],[-96.855506,33.042],[-96.860098,33.042003],[-96.860229,33.042003]]]},"properties":{"zcta":"75093","city_names":["Carrollton","Dallas","Plano","The Colony"],"search_label":"75093 Carrollton / Dallas / Plano / The Colony","dem_votes":11089,"rep_votes":12747,"total_votes":24474,"total_major_party_votes":23836,"dem_share":0.4652,"rep_share":0.5348,"margin":-0.0696,"winner":"Republican","precincts_assigned":12,"population":null,"median_age":null,"median_household_income":null,"white_non_hispanic_share":null,"black_non_hispanic_share":null,"asian_non_hispanic_share":null,"hispanic_share":null,"housing_units":null,"dominant_housing_era":null,"dominant_housing_era_share":null,"crime_year":2025,"crime_total":5,"robbery_count":0,"homicide_count":0,"aggravated_assault_count":0,"shooting_count":0,"violent_crime_rate_per_100k":null,"robbery_rate_per_100k":null,"homicide_rate_per_100k":null,"shooting_rate_per_100k":null,"politics_status":"Mapped","safety_status":"Dallas OpenData","demographics_status":"Needs Review","needs_review":true,"source_label":"ACS 5-year ZCTA, Dallas OpenData incidents, 2024 presidential precinct returns"}},{"type":"Feature","geometry":{"bbox":[-96.643047,32.98663,-96.594653,33.041013],"type":"Polygon","coordinates":[[[-96.641903,33.017422],[-96.640952,33.019174],[-96.64090100000001,33.02277],[-96.642037,33.024017],[-96.642222,33.028624],[-96.64059800000001,33.029989],[-96.640569,33.033613],[-96.639855,33.03373700000001],[-96.637974,33.034055],[-96.635884,33.03414],[-96.634336,33.034582],[-96.630114,33.034435],[-96.629437,33.034274],[-96.629419,33.041013],[-96.615037,33.040824],[-96.612767,33.04083],[-96.612112,33.040889],[-96.611126,33.040906],[-96.610048,33.040778],[-96.605319,33.04075],[-96.603611,33.040737],[-96.603565,33.040737],[-96.603322,33.040734],[-96.60320500000002,33.040734],[-96.594653,33.040664],[-96.594755,33.033271],[-96.594799,33.031081],[-96.594919,33.026454],[-96.595617,33.011229],[-96.59552,33.008631],[-96.595476,33.005046],[-96.59508,33.002757],[-96.595649,33.000452],[-96.59574,32.999135],[-96.595559,32.997183],[-96.59564,32.993451],[-96.599371,32.993096],[-96.599279,32.991585],[-96.601412,32.991498],[-96.601311,32.989466],[-96.60468100000001,32.98946000000001],[-96.604693,32.986846],[-96.604704,32.98663],[-96.607212,32.986834],[-96.608893,32.986854],[-96.613376,32.98677],[-96.613362,32.987513],[-96.613244,32.987826],[-96.613223,32.989777],[-96.613196,32.991869],[-96.613205,32.992554],[-96.6132,32.992939],[-96.613143,32.997614],[-96.613058,33.000222],[-96.612882,33.005049],[-96.613051,33.005063],[-96.614707,33.004934],[-96.62249,33.004957],[-96.633592,33.004245],[-96.633525,33.004694],[-96.633206,33.005011],[-96.632641,33.006027],[-96.633568,33.006855],[-96.631854,33.010412],[-96.631861,33.010595],[-96.636576,33.01320200000001],[-96.639931,33.013388],[-96.639662,33.01451],[-96.641752,33.015213],[-96.643047,33.016709],[-96.641903,33.017422]]]},"properties":{"zcta":"75094","city_names":["Murphy","Plano","Richardson","Wylie"],"search_label":"75094 Murphy / Plano / Richardson / Wylie","dem_votes":4583,"rep_votes":5502,"total_votes":11118,"total_major_party_votes":10085,"dem_share":0.4544,"rep_share":0.5456,"margin":-0.0912,"winner":"Republican","precincts_assigned":6,"population":null,"median_age":null,"median_household_income":null,"white_non_hispanic_share":null,"black_non_hispanic_share":null,"asian_non_hispanic_share":null,"hispanic_share":null,"housing_units":null,"dominant_housing_era":null,"dominant_housing_era_share":null,"crime_year":2025,"crime_total":1,"robbery_count":0,"homicide_count":0,"aggravated_assault_count":0,"shooting_count":0,"violent_crime_rate_per_100k":null,"robbery_rate_per_100k":null,"homicide_rate_per_100k":null,"shooting_rate_per_100k":null,"politics_status":"Mapped","safety_status":"Dallas OpenData","demographics_status":"Needs Review","needs_review":true,"source_label":"ACS 5-year ZCTA, Dallas OpenData incidents, 2024 presidential precinct returns"}},{"type":"Feature","geometry":{"bbox":[-96.595649,32.94427400000001,-96.475768,33.079763],"type":"Polygon","coordinates":[[[-96.59508,33.002757],[-96.595476,33.005046],[-96.59552,33.008631],[-96.595617,33.011229],[-96.594919,33.026454],[-96.594799,33.031081],[-96.594755,33.033271],[-96.594653,33.040664],[-96.585903,33.040624],[-96.585915,33.04147],[-96.58595,33.044293],[-96.584466,33.04431],[-96.58445400000001,33.04523],[-96.579395,33.045207],[-96.578801,33.047346],[-96.579538,33.050425],[-96.580442,33.049739],[-96.58037000000002,33.052735],[-96.584586,33.052857],[-96.586008,33.053821],[-96.58592000000002,33.055014],[-96.585644,33.055017],[-96.577195,33.05499],[-96.575813,33.054777],[-96.57570000000001,33.054757],[-96.574729,33.054552],[-96.57014,33.054452],[-96.568389,33.054439],[-96.568378,33.055622],[-96.568396,33.056728],[-96.56861,33.05839],[-96.56994,33.061906],[-96.570202,33.066788],[-96.570372,33.068604],[-96.571275,33.071353],[-96.571637,33.073033],[-96.571902,33.074153],[-96.57352600000002,33.074854],[-96.573003,33.076645],[-96.574899,33.077846],[-96.574843,33.079763],[-96.574067,33.079723],[-96.568579,33.07776],[-96.559947,33.077871],[-96.55984000000001,33.074251],[-96.549532,33.074029],[-96.546449,33.073846],[-96.546394,33.073849],[-96.545295,33.078125],[-96.540273,33.078114],[-96.533657,33.078055],[-96.53371,33.072601000000006],[-96.533136,33.070296],[-96.53259100000001,33.068855],[-96.52448,33.056131],[-96.523904,33.053781],[-96.522489,33.048782],[-96.521484,33.047475],[-96.519375,33.046335],[-96.515461,33.045527],[-96.513133,33.04547900000001],[-96.50874,33.046261],[-96.499879,33.047008],[-96.489922,33.047006],[-96.484545,33.046199],[-96.482266,33.044373],[-96.481676,33.031798],[-96.481083,33.029925],[-96.48024700000002,33.028343],[-96.475886,33.025306],[-96.47582900000002,33.024876],[-96.475768,33.023601000000006],[-96.475862,33.023358],[-96.475989,33.023027],[-96.476694,33.0217],[-96.477091,33.021815],[-96.477896,33.02030800000001],[-96.476948,33.019508],[-96.476534,33.016542],[-96.477475,33.015399],[-96.478972,33.015967],[-96.478456,33.01723200000001],[-96.482093,33.016014],[-96.483109,33.015028],[-96.480725,33.01388],[-96.483515,33.011221],[-96.483546,33.011311],[-96.484961,33.011304],[-96.48578,33.009833],[-96.483961,33.009507],[-96.483795,33.008048],[-96.48318,33.008074],[-96.483352,33.007615],[-96.485359,33.008693],[-96.484709,33.005665],[-96.486522,33.006129],[-96.485549,33.003175],[-96.486476,33.001378],[-96.486258,32.998849],[-96.487801,32.997255],[-96.486419,32.996336],[-96.485317,32.997017],[-96.484281,32.995297],[-96.484751,32.994342],[-96.48475700000002,32.990534],[-96.486807,32.989681],[-96.488072,32.988325],[-96.489673,32.982685],[-96.491399,32.982692],[-96.491894,32.979634],[-96.494579,32.95540600000001],[-96.496504,32.953739],[-96.497688,32.951172],[-96.49805600000002,32.949858],[-96.498297,32.945117],[-96.51676,32.945176],[-96.517351,32.94427400000001],[-96.517339,32.945112],[-96.51732,32.945925],[-96.51720400000002,32.952065],[-96.517786,32.953229],[-96.517195,32.953735],[-96.517165,32.954167],[-96.51551,32.95233000000001],[-96.514955,32.953148],[-96.51625400000002,32.954898],[-96.516064,32.957679],[-96.51708,32.958598],[-96.51707700000001,32.958836],[-96.520211,32.961216],[-96.520946,32.961885],[-96.521552,32.96119],[-96.520882,32.959697],[-96.521468,32.959722],[-96.521255,32.958374],[-96.522478,32.957954],[-96.526096,32.956034],[-96.527574,32.957303],[-96.52764900000001,32.957244],[-96.532477,32.961399],[-96.533395,32.962194],[-96.537611,32.965829],[-96.537755,32.965696],[-96.544419,32.960473],[-96.547694,32.963214],[-96.551428,32.960929],[-96.550435,32.965385],[-96.551141,32.968269],[-96.551103,32.968297],[-96.551476,32.968674],[-96.552883,32.970797],[-96.552088,32.970898],[-96.553809,32.97243],[-96.554382,32.975042],[-96.557566,32.977145],[-96.5574,32.97728],[-96.558435,32.978213],[-96.562155,32.976755],[-96.56306,32.978357],[-96.558513,32.97976],[-96.558243,32.97977],[-96.557972,32.980176],[-96.558025,32.981034],[-96.558185,32.981534],[-96.558808,32.982431],[-96.55887,32.982644],[-96.55879400000002,32.983268],[-96.558786,32.983501],[-96.559263,32.983508],[-96.558489,32.984342],[-96.558767,32.984707],[-96.559316,32.984384],[-96.562908,32.986263],[-96.562722,32.989322],[-96.563334,32.991113],[-96.563956,32.992928000000006],[-96.564587,32.99299],[-96.564504,32.99351],[-96.56469000000001,32.993568],[-96.564594,32.994061],[-96.566303,32.994092],[-96.566704,32.994476],[-96.571312,32.991614],[-96.573564,32.993345],[-96.576351,32.993733],[-96.57959400000001,32.99588],[-96.585808,32.99617],[-96.586562,32.997368],[-96.593172,32.998261],[-96.593344,32.997256],[-96.59497100000002,32.99738800000001],[-96.594293,32.999722],[-96.595649,33.000452],[-96.59508,33.002757]]]},"properties":{"zcta":"75098","city_names":["Dallas","Garland","Murphy","Wylie"],"search_label":"75098 Dallas / Garland / Murphy / Wylie","dem_votes":10794,"rep_votes":15878,"total_votes":27620,"total_major_party_votes":26672,"dem_share":0.4047,"rep_share":0.5953,"margin":-0.1906,"winner":"Republican","precincts_assigned":22,"population":null,"median_age":null,"median_household_income":null,"white_non_hispanic_share":null,"black_non_hispanic_share":null,"asian_non_hispanic_share":null,"hispanic_share":null,"housing_units":null,"dominant_housing_era":null,"dominant_housing_era_share":null,"crime_year":2025,"crime_total":1,"robbery_count":0,"homicide_count":0,"aggravated_assault_count":0,"shooting_count":0,"violent_crime_rate_per_100k":null,"robbery_rate_per_100k":null,"homicide_rate_per_100k":null,"shooting_rate_per_100k":null,"politics_status":"Mapped","safety_status":"Dallas OpenData","demographics_status":"Needs Review","needs_review":true,"source_label":"ACS 5-year ZCTA, Dallas OpenData incidents, 2024 presidential precinct returns"}},{"type":"Feature","geometry":{"bbox":[-96.676428,32.790377,-96.592858,32.84926300000001],"type":"Polygon","coordinates":[[[-96.676428,32.79973],[-96.675565,32.800117],[-96.674166,32.800877],[-96.673844,32.801525],[-96.674679,32.801158],[-96.675373,32.801023],[-96.67533400000002,32.802611],[-96.674546,32.803667],[-96.673626,32.805964],[-96.673605,32.806879],[-96.668291,32.80687],[-96.668106,32.807018],[-96.66577,32.807035],[-96.665699,32.810003],[-96.665257,32.810951],[-96.665386,32.811311],[-96.665388,32.814168],[-96.665255,32.815398],[-96.66226400000001,32.815541],[-96.662321,32.819025],[-96.66217400000001,32.819032],[-96.661622,32.819063],[-96.661683,32.821391],[-96.659294,32.82136100000001],[-96.658604,32.821392],[-96.65859,32.821506],[-96.658051,32.821533],[-96.657872,32.824824],[-96.658164,32.827824],[-96.65814300000001,32.828674],[-96.658165,32.830382],[-96.65819,32.830853000000005],[-96.658359,32.833800000000004],[-96.658861,32.834526],[-96.655263,32.837638],[-96.652556,32.835316],[-96.648996,32.838334],[-96.64718,32.837667],[-96.642307,32.839593],[-96.639674,32.839652],[-96.635868,32.842925],[-96.634854,32.843785],[-96.632064,32.846111],[-96.630527,32.847409],[-96.630391,32.847305],[-96.628551,32.848824],[-96.628038,32.84926300000001],[-96.625552,32.846857],[-96.624229,32.845756],[-96.622079,32.843902],[-96.622306,32.843719],[-96.620338,32.841724],[-96.620253,32.841034],[-96.62085,32.84087],[-96.622429,32.839694],[-96.619052,32.838299],[-96.615983,32.839112],[-96.613966,32.838293],[-96.61173800000002,32.838442],[-96.609392,32.839528],[-96.606769,32.838858],[-96.603701,32.838859],[-96.603247,32.839289],[-96.603164,32.839334],[-96.603002,32.839325],[-96.602737,32.839235],[-96.602141,32.839479],[-96.602086,32.84027],[-96.601877,32.840555],[-96.600539,32.839374],[-96.600163,32.838723],[-96.600023,32.838414],[-96.60234100000001,32.83745],[-96.610587,32.834121],[-96.610986,32.833934],[-96.608874,32.832621],[-96.60784600000001,32.833023],[-96.60068,32.835839],[-96.600319,32.836235],[-96.596978,32.834139],[-96.59583,32.833246],[-96.595903,32.828712],[-96.596061,32.826117],[-96.5959,32.822913],[-96.595898,32.821787],[-96.595928,32.817976],[-96.596983,32.817572],[-96.597037,32.817549],[-96.597093,32.816868],[-96.596941,32.814005],[-96.597522,32.814003],[-96.604393,32.813964],[-96.604503,32.806709],[-96.599493,32.80674],[-96.59922300000001,32.806741],[-96.599097,32.804897],[-96.599071,32.804527],[-96.598068,32.804527],[-96.598108,32.797663],[-96.59591,32.797638],[-96.593787,32.797328],[-96.593829,32.790546],[-96.592858,32.790377],[-96.595888,32.790597],[-96.595897,32.790419],[-96.60135,32.791423],[-96.606798,32.792461],[-96.612085,32.792524],[-96.612238,32.792701],[-96.625313,32.792645],[-96.625289,32.792462],[-96.63405700000001,32.792304],[-96.636844,32.792318],[-96.643312,32.792298],[-96.649681,32.792268],[-96.652937,32.792332],[-96.655796,32.793195],[-96.660098,32.794649],[-96.668296,32.797221],[-96.674152,32.798997],[-96.675827,32.799115],[-96.676428,32.79973]]]},"properties":{"zcta":"75150","city_names":["Dallas","Garland"],"search_label":"75150 Dallas / Garland","dem_votes":8409,"rep_votes":6714,"total_votes":15350,"total_major_party_votes":15123,"dem_share":0.556,"rep_share":0.444,"margin":0.112,"winner":"Democratic","precincts_assigned":23,"population":null,"median_age":null,"median_household_income":null,"white_non_hispanic_share":null,"black_non_hispanic_share":null,"asian_non_hispanic_share":null,"hispanic_share":null,"housing_units":null,"dominant_housing_era":null,"dominant_housing_era_share":null,"crime_year":2025,"crime_total":5,"robbery_count":0,"homicide_count":0,"aggravated_assault_count":0,"shooting_count":0,"violent_crime_rate_per_100k":null,"robbery_rate_per_100k":null,"homicide_rate_per_100k":null,"shooting_rate_per_100k":null,"politics_status":"Mapped","safety_status":"Dallas OpenData","demographics_status":"Needs Review","needs_review":true,"source_label":"ACS 5-year ZCTA, Dallas OpenData incidents, 2024 presidential precinct returns"}},{"type":"Feature","geometry":{"bbox":[-96.489673,32.98236,-96.379098,33.05331],"type":"Polygon","coordinates":[[[-96.488072,32.988325],[-96.486807,32.989681],[-96.48475700000002,32.990534],[-96.484751,32.994342],[-96.484281,32.995297],[-96.485317,32.997017],[-96.486419,32.996336],[-96.487801,32.997255],[-96.486258,32.998849],[-96.486476,33.001378],[-96.485549,33.003175],[-96.486522,33.006129],[-96.484709,33.005665],[-96.485359,33.008693],[-96.483352,33.007615],[-96.48318,33.008074],[-96.483795,33.008048],[-96.483961,33.009507],[-96.48578,33.009833],[-96.484961,33.011304],[-96.483546,33.011311],[-96.483515,33.011221],[-96.480725,33.01388],[-96.483109,33.015028],[-96.482093,33.016014],[-96.478456,33.01723200000001],[-96.478972,33.015967],[-96.477475,33.015399],[-96.476534,33.016542],[-96.476948,33.019508],[-96.477896,33.02030800000001],[-96.477091,33.021815],[-96.476694,33.0217],[-96.475989,33.023027],[-96.475862,33.023358],[-96.475768,33.023601000000006],[-96.47582900000002,33.024876],[-96.475886,33.025306],[-96.48024700000002,33.028343],[-96.481083,33.029925],[-96.481676,33.031798],[-96.482266,33.044373],[-96.480782,33.043917],[-96.47842,33.043869],[-96.474231,33.043064],[-96.46906,33.042248],[-96.458011,33.04521600000001],[-96.455128,33.046614],[-96.45027100000001,33.049532],[-96.447686,33.049547],[-96.44424600000002,33.050529],[-96.440544,33.050846],[-96.437503,33.050612],[-96.434158,33.05126],[-96.429743,33.050534],[-96.426251,33.05294],[-96.424349,33.05331],[-96.423537,33.052985],[-96.424289,33.047629],[-96.424962,33.043444],[-96.420282,33.043332],[-96.420596,33.036394],[-96.42335,33.036502],[-96.423643,33.031002],[-96.389143,33.034906],[-96.388415,33.034993],[-96.379787,33.035973],[-96.379098,33.035773],[-96.397819,33.033666],[-96.39811100000001,33.020679],[-96.419414,33.02127],[-96.419828,33.021158],[-96.418193,33.019163],[-96.41873700000001,33.006123],[-96.41944,32.998618],[-96.42835,32.998764],[-96.428345,32.991246],[-96.43717,32.994029],[-96.438671,32.993675],[-96.443271,32.992776],[-96.443986,32.99002300000001],[-96.443949,32.98236],[-96.46371,32.982439],[-96.466739,32.982467],[-96.479054,32.982576],[-96.489673,32.982685],[-96.488072,32.988325]]]},"properties":{"zcta":"75166","city_names":["Dallas","Wylie"],"search_label":"75166 Dallas / Wylie","dem_votes":1576,"rep_votes":3156,"total_votes":4820,"total_major_party_votes":4732,"dem_share":0.3331,"rep_share":0.6669,"margin":-0.3338,"winner":"Republican","precincts_assigned":2,"population":null,"median_age":null,"median_household_income":null,"white_non_hispanic_share":null,"black_non_hispanic_share":null,"asian_non_hispanic_share":null,"hispanic_share":null,"housing_units":null,"dominant_housing_era":null,"dominant_housing_era_share":null,"crime_year":2025,"crime_total":null,"robbery_count":null,"homicide_count":null,"aggravated_assault_count":null,"shooting_count":null,"violent_crime_rate_per_100k":null,"robbery_rate_per_100k":null,"homicide_rate_per_100k":null,"shooting_rate_per_100k":null,"politics_status":"Mapped","safety_status":"Needs Review","demographics_status":"Needs Review","needs_review":true,"source_label":"ACS 5-year ZCTA, Dallas OpenData incidents, 2024 presidential precinct returns"}},{"type":"Feature","geometry":{"bbox":[-96.474231,32.999434,-96.302064,33.10663],"type":"Polygon","coordinates":[[[-96.473469,33.044581],[-96.467671,33.046012],[-96.46379,33.048618],[-96.463673,33.049211],[-96.464372,33.050786],[-96.466126,33.052073],[-96.47149,33.054516],[-96.472835,33.057647],[-96.473349,33.062212],[-96.473252,33.065589],[-96.472759,33.070684],[-96.471758,33.074838],[-96.469759,33.07991],[-96.46856,33.082264],[-96.465655,33.088092],[-96.465318,33.088595],[-96.463459,33.092068],[-96.46122800000002,33.097738],[-96.452434,33.09699200000001],[-96.449698,33.096761],[-96.44285600000002,33.096181],[-96.439874,33.094363],[-96.434441,33.093888],[-96.424981,33.09563],[-96.422656,33.096499],[-96.420247,33.09655],[-96.412199,33.102044],[-96.411419,33.10639100000001],[-96.410679,33.10615],[-96.411446,33.100504],[-96.413753,33.096345],[-96.413068,33.095627],[-96.412588,33.094267],[-96.413031,33.091059],[-96.414376,33.083543],[-96.415041,33.082372],[-96.41781,33.082631],[-96.41933500000002,33.080372],[-96.417186,33.080664],[-96.416771,33.080477],[-96.416527,33.080409],[-96.413911,33.080273],[-96.413127,33.080263],[-96.40920700000001,33.080156],[-96.394235,33.080649],[-96.381132,33.080422],[-96.38104100000001,33.082564],[-96.378727,33.082528],[-96.378698,33.085],[-96.376488,33.084971],[-96.375441,33.089304],[-96.37506300000001,33.099569],[-96.377651,33.099569],[-96.377569,33.102276],[-96.366666,33.102053],[-96.365353,33.102053],[-96.364814,33.102128],[-96.364559,33.102041],[-96.362644,33.101937],[-96.354443,33.101784],[-96.354268,33.106364],[-96.342843,33.10663],[-96.342804,33.105386],[-96.339852,33.10536],[-96.338779,33.103559],[-96.334615,33.103506],[-96.335257,33.101401],[-96.335976,33.100608],[-96.336609,33.07934],[-96.327566,33.078999],[-96.32655,33.078604],[-96.309278,33.078266],[-96.30951200000001,33.072879],[-96.307921,33.072834],[-96.30803800000001,33.06836],[-96.306635,33.068337],[-96.306663,33.066438],[-96.302064,33.066378],[-96.302093,33.06561],[-96.309757,33.065728],[-96.31797,33.060923],[-96.31225,33.061098],[-96.31169,33.059809],[-96.312923,33.05983],[-96.313045,33.055735],[-96.319408,33.055835],[-96.319276,33.058174],[-96.320976,33.057677],[-96.325598,33.055157],[-96.327188,33.055441],[-96.331629,33.052587],[-96.332385,33.040315],[-96.332635,33.027766],[-96.33342600000002,33.022146],[-96.330761,33.021362],[-96.330858,33.01834],[-96.331214,33.009825],[-96.331524,33.009545],[-96.33355,33.009518],[-96.33368600000001,33.006894],[-96.334124,32.999434],[-96.336315,32.999502],[-96.33766,33.001662],[-96.337722,33.001942],[-96.338817,33.003259],[-96.340061,33.004044],[-96.34104600000002,33.005848],[-96.34047,33.006836],[-96.340393,33.007658000000006],[-96.340086,33.007972],[-96.340169,33.009442],[-96.340054,33.009967],[-96.34231,33.010098],[-96.345934,33.01026],[-96.346178,33.00440700000001],[-96.35411,33.004524],[-96.359628,33.004604],[-96.364013,33.004818],[-96.363695,33.011046],[-96.368067,33.011083],[-96.367498,33.017343],[-96.371293,33.017407],[-96.372234,33.019694],[-96.372911,33.019751],[-96.37393500000002,33.019784],[-96.378382,33.019896],[-96.386601,33.020199],[-96.386227,33.027632000000004],[-96.39162,33.027707],[-96.391844,33.020607],[-96.39811100000001,33.020679],[-96.397819,33.033666],[-96.379098,33.035773],[-96.379787,33.035973],[-96.388415,33.034993],[-96.389143,33.034906],[-96.423643,33.031002],[-96.42335,33.036502],[-96.420596,33.036394],[-96.420282,33.043332],[-96.424962,33.043444],[-96.424289,33.047629],[-96.423537,33.052985],[-96.424349,33.05331],[-96.426251,33.05294],[-96.429743,33.050534],[-96.434158,33.05126],[-96.437503,33.050612],[-96.440544,33.050846],[-96.44424600000002,33.050529],[-96.447686,33.049547],[-96.45027100000001,33.049532],[-96.455128,33.046614],[-96.458011,33.04521600000001],[-96.46906,33.042248],[-96.474231,33.043064],[-96.473469,33.044581]]]},"properties":{"zcta":"75173","city_names":["Wylie"],"search_label":"75173 Wylie","dem_votes":1276,"rep_votes":4257,"total_votes":5596,"total_major_party_votes":5533,"dem_share":0.2306,"rep_share":0.7694,"margin":-0.5388,"winner":"Republican","precincts_assigned":3,"population":null,"median_age":null,"median_household_income":null,"white_non_hispanic_share":null,"black_non_hispanic_share":null,"asian_non_hispanic_share":null,"hispanic_share":null,"housing_units":null,"dominant_housing_era":null,"dominant_housing_era_share":null,"crime_year":2025,"crime_total":null,"robbery_count":null,"homicide_count":null,"aggravated_assault_count":null,"shooting_count":null,"violent_crime_rate_per_100k":null,"robbery_rate_per_100k":null,"homicide_rate_per_100k":null,"shooting_rate_per_100k":null,"politics_status":"Mapped","safety_status":"Needs Review","demographics_status":"Needs Review","needs_review":true,"source_label":"ACS 5-year ZCTA, Dallas OpenData incidents, 2024 presidential precinct returns"}},{"type":"Feature","geometry":{"bbox":[-96.604503,32.754388,-96.518869,32.834702],"type":"Polygon","coordinates":[[[-96.604393,32.813964],[-96.597522,32.814003],[-96.596941,32.814005],[-96.597093,32.816868],[-96.597037,32.817549],[-96.596983,32.817572],[-96.595928,32.817976],[-96.595898,32.821787],[-96.5959,32.822913],[-96.596061,32.826117],[-96.595903,32.828712],[-96.59583,32.833246],[-96.59152,32.833229],[-96.587901,32.832383],[-96.58708300000002,32.831507],[-96.585635,32.832547],[-96.582074,32.831781],[-96.579187,32.832866],[-96.578985,32.833486],[-96.578926,32.833995],[-96.571481,32.834077],[-96.566407,32.834331],[-96.564587,32.830275],[-96.56065,32.833855],[-96.559977,32.834139],[-96.559939,32.833683],[-96.545544,32.833583],[-96.54398400000001,32.833571],[-96.543356,32.833616],[-96.541935,32.834654],[-96.53959,32.834702],[-96.527941,32.833599],[-96.518869,32.832728],[-96.51897,32.813616],[-96.519046,32.80667300000001],[-96.519261,32.796028],[-96.519304,32.792648],[-96.519349,32.789626],[-96.519446,32.777752],[-96.519409,32.777427],[-96.519794,32.754534],[-96.519793,32.754388],[-96.545989,32.76213],[-96.545987,32.762349],[-96.56154,32.763902],[-96.570349,32.764744],[-96.57043,32.764751],[-96.57053,32.774772],[-96.570493,32.77968],[-96.579743,32.779833],[-96.579705,32.787792],[-96.579769,32.787802],[-96.592843,32.78994],[-96.595897,32.790419],[-96.595888,32.790597],[-96.592858,32.790377],[-96.593829,32.790546],[-96.593787,32.797328],[-96.59591,32.797638],[-96.598108,32.797663],[-96.598068,32.804527],[-96.599071,32.804527],[-96.599097,32.804897],[-96.59922300000001,32.806741],[-96.599493,32.80674],[-96.604503,32.806709],[-96.604393,32.813964]]]},"properties":{"zcta":"75182","city_names":["Dallas","Garland"],"search_label":"75182 Dallas / Garland","dem_votes":1583,"rep_votes":3294,"total_votes":4991,"total_major_party_votes":4877,"dem_share":0.3246,"rep_share":0.6754,"margin":-0.3508,"winner":"Republican","precincts_assigned":5,"population":null,"median_age":null,"median_household_income":null,"white_non_hispanic_share":null,"black_non_hispanic_share":null,"asian_non_hispanic_share":null,"hispanic_share":null,"housing_units":null,"dominant_housing_era":null,"dominant_housing_era_share":null,"crime_year":2025,"crime_total":null,"robbery_count":null,"homicide_count":null,"aggravated_assault_count":null,"shooting_count":null,"violent_crime_rate_per_100k":null,"robbery_rate_per_100k":null,"homicide_rate_per_100k":null,"shooting_rate_per_100k":null,"politics_status":"Mapped","safety_status":"Needs Review","demographics_status":"Needs Review","needs_review":true,"source_label":"ACS 5-year ZCTA, Dallas OpenData incidents, 2024 presidential precinct returns"}},{"type":"Feature","geometry":{"bbox":[-96.815007,32.77351,-96.784847,32.803424],"type":"Polygon","coordinates":[[[-96.814858,32.79840000000001],[-96.813248,32.797379],[-96.812642,32.798172],[-96.809692,32.800018],[-96.811047,32.801302],[-96.809933,32.801676],[-96.805514,32.803424],[-96.805843,32.802048],[-96.80526500000002,32.802305],[-96.804421,32.801518],[-96.804824,32.801191],[-96.803837,32.800382],[-96.80532000000001,32.799419],[-96.80492,32.799118],[-96.803488,32.798194],[-96.80214700000002,32.797826],[-96.801741,32.796329],[-96.799624,32.794494],[-96.797794,32.793055],[-96.794598,32.795219],[-96.793494,32.797277],[-96.793408,32.797697],[-96.793466,32.799136],[-96.793174,32.798872],[-96.79309800000001,32.795493],[-96.792756,32.79238],[-96.792356,32.788131],[-96.792169,32.785699],[-96.790999,32.784067],[-96.790604,32.783825],[-96.786556,32.782082],[-96.786499,32.781692],[-96.786205,32.781001],[-96.785356,32.780054],[-96.785035,32.77969],[-96.784847,32.779469000000006],[-96.785407,32.778386],[-96.787131,32.77693],[-96.78642200000002,32.775836],[-96.786625,32.775743000000006],[-96.788141,32.775216],[-96.795785,32.77351],[-96.79530700000001,32.774499],[-96.796239,32.777972],[-96.798567,32.779992],[-96.799316,32.779832],[-96.799924,32.782063],[-96.801635,32.782264],[-96.802567,32.784143],[-96.801515,32.785023],[-96.803008,32.78631300000001],[-96.80327500000001,32.787886],[-96.803639,32.788201],[-96.804601,32.787415],[-96.80421,32.788701],[-96.805012,32.789357],[-96.806317,32.788328],[-96.805313,32.786817],[-96.807829,32.784396],[-96.80888,32.785299],[-96.808719,32.786442],[-96.808647,32.789276],[-96.807801,32.789896],[-96.808562,32.791438],[-96.809525,32.790738],[-96.810274,32.791574],[-96.810505,32.791833],[-96.81431,32.79617],[-96.815007,32.797245],[-96.814858,32.79840000000001]]]},"properties":{"zcta":"75201","city_names":["Dallas"],"search_label":"75201 Dallas","dem_votes":5082,"rep_votes":3078,"total_votes":8303,"total_major_party_votes":8160,"dem_share":0.6228,"rep_share":0.3772,"margin":0.2456,"winner":"Democratic","precincts_assigned":14,"population":null,"median_age":null,"median_household_income":null,"white_non_hispanic_share":null,"black_non_hispanic_share":null,"asian_non_hispanic_share":null,"hispanic_share":null,"housing_units":null,"dominant_housing_era":null,"dominant_housing_era_share":null,"crime_year":2025,"crime_total":4304,"robbery_count":47,"homicide_count":3,"aggravated_assault_count":0,"shooting_count":123,"violent_crime_rate_per_100k":null,"robbery_rate_per_100k":null,"homicide_rate_per_100k":null,"shooting_rate_per_100k":null,"politics_status":"Mapped","safety_status":"Dallas OpenData","demographics_status":"Needs Review","needs_review":true,"source_label":"ACS 5-year ZCTA, Dallas OpenData incidents, 2024 presidential precinct returns"}},{"type":"Feature","geometry":{"bbox":[-96.811653,32.768042,-96.79530700000001,32.789357],"type":"Polygon","coordinates":[[[-96.811424,32.782411],[-96.81024,32.782648],[-96.810746,32.784185],[-96.808966,32.784391],[-96.808951,32.784644],[-96.80888,32.785299],[-96.807829,32.784396],[-96.805313,32.786817],[-96.806317,32.788328],[-96.805012,32.789357],[-96.80421,32.788701],[-96.804601,32.787415],[-96.803639,32.788201],[-96.80327500000001,32.787886],[-96.803008,32.78631300000001],[-96.801515,32.785023],[-96.802567,32.784143],[-96.801635,32.782264],[-96.799924,32.782063],[-96.799316,32.779832],[-96.798567,32.779992],[-96.796239,32.777972],[-96.79530700000001,32.774499],[-96.795785,32.77351],[-96.796888,32.773215],[-96.800402,32.771189],[-96.800761,32.769381],[-96.802029,32.768042],[-96.801875,32.769965],[-96.802037,32.770094],[-96.805419,32.772002],[-96.807643,32.771469],[-96.806288,32.773193],[-96.80785,32.774676],[-96.808583,32.77727],[-96.809382,32.778506],[-96.810401,32.778337],[-96.811315,32.777649],[-96.811653,32.78115700000001],[-96.811424,32.782411]],[[-96.802424,32.780776],[-96.801192,32.781013],[-96.801332,32.781484],[-96.801487,32.781746],[-96.802646,32.781506],[-96.802424,32.780776]]]},"properties":{"zcta":"75202","city_names":["Dallas"],"search_label":"75202 Dallas","dem_votes":208,"rep_votes":151,"total_votes":367,"total_major_party_votes":359,"dem_share":0.5794,"rep_share":0.4206,"margin":0.1588,"winner":"Democratic","precincts_assigned":4,"population":null,"median_age":null,"median_household_income":null,"white_non_hispanic_share":null,"black_non_hispanic_share":null,"asian_non_hispanic_share":null,"hispanic_share":null,"housing_units":null,"dominant_housing_era":null,"dominant_housing_era_share":null,"crime_year":2025,"crime_total":2777,"robbery_count":45,"homicide_count":0,"aggravated_assault_count":0,"shooting_count":79,"violent_crime_rate_per_100k":null,"robbery_rate_per_100k":null,"homicide_rate_per_100k":null,"shooting_rate_per_100k":null,"politics_status":"Mapped","safety_status":"Dallas OpenData","demographics_status":"Needs Review","needs_review":true,"source_label":"ACS 5-year ZCTA, Dallas OpenData incidents, 2024 presidential precinct returns"}},{"type":"Feature","geometry":{"bbox":[-96.80532000000001,32.784067,-96.76931100000002,32.819382],"type":"Polygon","coordinates":[[[-96.80532000000001,32.799419],[-96.803837,32.800382],[-96.804824,32.801191],[-96.804421,32.801518],[-96.80526500000002,32.802305],[-96.804296,32.803027],[-96.803227,32.804691],[-96.80223700000002,32.806645],[-96.80141800000001,32.808472],[-96.800259,32.810657],[-96.799209,32.811718],[-96.799585,32.812023],[-96.798379,32.813122],[-96.79833700000002,32.81505],[-96.799965,32.818816],[-96.79998700000002,32.81897],[-96.799431,32.818944],[-96.79920500000001,32.818945],[-96.798732,32.819382],[-96.79655800000002,32.818868],[-96.795329,32.817807],[-96.795399,32.817678],[-96.792491,32.816552],[-96.78961,32.81559],[-96.789068,32.815438],[-96.787065,32.815118],[-96.78683,32.815143],[-96.786457,32.814977],[-96.782168,32.811242],[-96.782121,32.811203],[-96.78191800000002,32.811029],[-96.781313,32.81139],[-96.778752,32.809182],[-96.779295,32.80876],[-96.778471,32.808072],[-96.778011,32.808465],[-96.776298,32.806968],[-96.776447,32.806833],[-96.776335,32.806714],[-96.776617,32.806457],[-96.7763,32.806176],[-96.773552,32.803789],[-96.772361,32.802732],[-96.771553,32.802084],[-96.771472,32.802016],[-96.76931100000002,32.80013400000001],[-96.769516,32.799954],[-96.769931,32.800318],[-96.770417,32.800282],[-96.770799,32.800345],[-96.77124,32.799958],[-96.770865,32.799607],[-96.773071,32.797714],[-96.772692,32.797376],[-96.77522,32.795299],[-96.776875,32.793913],[-96.778703,32.792386],[-96.780011,32.792617],[-96.782866,32.790248],[-96.782507,32.789892],[-96.785384,32.787824],[-96.784951,32.787377],[-96.785781,32.786904],[-96.787867,32.785395],[-96.788166,32.785235],[-96.788822,32.785781],[-96.78958500000002,32.785183],[-96.789509,32.784568],[-96.790999,32.784067],[-96.792169,32.785699],[-96.792356,32.788131],[-96.792756,32.79238],[-96.79309800000001,32.795493],[-96.793174,32.798872],[-96.793466,32.799136],[-96.793408,32.797697],[-96.793494,32.797277],[-96.794598,32.795219],[-96.797794,32.793055],[-96.799624,32.794494],[-96.801741,32.796329],[-96.80214700000002,32.797826],[-96.803488,32.798194],[-96.80492,32.799118],[-96.80532000000001,32.799419]]]},"properties":{"zcta":"75204","city_names":["Dallas"],"search_label":"75204 Dallas","dem_votes":9060,"rep_votes":5888,"total_votes":15294,"total_major_party_votes":14948,"dem_share":0.6061,"rep_share":0.3939,"margin":0.2122,"winner":"Democratic","precincts_assigned":15,"population":null,"median_age":null,"median_household_income":null,"white_non_hispanic_share":null,"black_non_hispanic_share":null,"asian_non_hispanic_share":null,"hispanic_share":null,"housing_units":null,"dominant_housing_era":null,"dominant_housing_era_share":null,"crime_year":2025,"crime_total":5348,"robbery_count":85,"homicide_count":1,"aggravated_assault_count":0,"shooting_count":168,"violent_crime_rate_per_100k":null,"robbery_rate_per_100k":null,"homicide_rate_per_100k":null,"shooting_rate_per_100k":null,"politics_status":"Mapped","safety_status":"Dallas OpenData","demographics_status":"Needs Review","needs_review":true,"source_label":"ACS 5-year ZCTA, Dallas OpenData incidents, 2024 presidential precinct returns"}},{"type":"Feature","geometry":{"bbox":[-96.81635,32.81559,-96.77157100000001,32.851188],"type":"Polygon","coordinates":[[[-96.815971,32.826754],[-96.816106,32.826765],[-96.814879,32.836627],[-96.813831,32.845356],[-96.813667,32.846884],[-96.813168,32.851174],[-96.812086,32.851177],[-96.806757,32.85114],[-96.806757,32.850673],[-96.804789,32.850665],[-96.804786,32.851136],[-96.804211,32.851134],[-96.79495,32.851073],[-96.790049,32.851188],[-96.79001700000002,32.850673],[-96.789164,32.850674],[-96.78916100000001,32.850246],[-96.787932,32.850253],[-96.787924,32.851165],[-96.786915,32.851143],[-96.786907,32.850668],[-96.782845,32.850627],[-96.782865,32.851101],[-96.778969,32.851107],[-96.778955,32.850522000000005],[-96.777132,32.850502],[-96.777015,32.850551],[-96.777006,32.85109],[-96.77277700000002,32.851024],[-96.772774,32.850484],[-96.771998,32.850467],[-96.77177600000002,32.851007],[-96.77157100000001,32.85099700000001],[-96.77223,32.849325],[-96.77360000000002,32.84557800000001],[-96.773346,32.845584],[-96.77429,32.843787],[-96.775915,32.841969],[-96.777521,32.838687],[-96.779207,32.836593],[-96.778643,32.836585],[-96.779726,32.834725],[-96.780111,32.833432],[-96.780385,32.833208],[-96.781114,32.831193],[-96.781919,32.830007],[-96.783837,32.826828],[-96.785069,32.823933],[-96.78599000000001,32.822262],[-96.78609,32.822077],[-96.78961,32.81559],[-96.792491,32.816552],[-96.795399,32.817678],[-96.795329,32.817807],[-96.79655800000002,32.818868],[-96.798732,32.819382],[-96.79920500000001,32.818945],[-96.799431,32.818944],[-96.79998700000002,32.81897],[-96.800209,32.819693],[-96.801012,32.82321],[-96.802516,32.823437],[-96.802347,32.822671],[-96.804393,32.822688],[-96.804383,32.822774],[-96.80439,32.823173],[-96.804513,32.823175],[-96.806866,32.823162],[-96.80696000000002,32.823171],[-96.812034,32.823195],[-96.812457,32.822804],[-96.812521,32.822856],[-96.81635,32.823673],[-96.815971,32.826754]]]},"properties":{"zcta":"75205","city_names":["Dallas"],"search_label":"75205 Dallas","dem_votes":5114,"rep_votes":8770,"total_votes":14174,"total_major_party_votes":13884,"dem_share":0.3683,"rep_share":0.6317,"margin":-0.2634,"winner":"Republican","precincts_assigned":12,"population":null,"median_age":null,"median_household_income":null,"white_non_hispanic_share":null,"black_non_hispanic_share":null,"asian_non_hispanic_share":null,"hispanic_share":null,"housing_units":null,"dominant_housing_era":null,"dominant_housing_era_share":null,"crime_year":2025,"crime_total":544,"robbery_count":3,"homicide_count":0,"aggravated_assault_count":0,"shooting_count":14,"violent_crime_rate_per_100k":null,"robbery_rate_per_100k":null,"homicide_rate_per_100k":null,"shooting_rate_per_100k":null,"politics_status":"Mapped","safety_status":"Dallas OpenData","demographics_status":"Needs Review","needs_review":true,"source_label":"ACS 5-year ZCTA, Dallas OpenData incidents, 2024 presidential precinct returns"}},{"type":"Feature","geometry":{"bbox":[-96.78961,32.802084,-96.753803,32.865603],"type":"Polygon","coordinates":[[[-96.78961,32.81559],[-96.78609,32.822077],[-96.78599000000001,32.822262],[-96.785069,32.823933],[-96.783837,32.826828],[-96.781919,32.830007],[-96.781114,32.831193],[-96.780385,32.833208],[-96.780111,32.833432],[-96.779726,32.834725],[-96.778643,32.836585],[-96.779207,32.836593],[-96.777521,32.838687],[-96.775915,32.841969],[-96.77429,32.843787],[-96.773346,32.845584],[-96.77360000000002,32.84557800000001],[-96.77223,32.849325],[-96.77157100000001,32.85099700000001],[-96.77047,32.855895000000004],[-96.770454,32.857094],[-96.770454,32.857273],[-96.770406,32.860885],[-96.770373,32.865603],[-96.767273,32.865537],[-96.76385100000002,32.865519],[-96.761631,32.86515],[-96.760072,32.864389],[-96.75676,32.861877],[-96.756076,32.86135000000001],[-96.753803,32.859626],[-96.756517,32.857045],[-96.758527,32.854825],[-96.759781,32.852838],[-96.760597,32.850988],[-96.76064300000002,32.850859],[-96.76105,32.849467],[-96.761399,32.846536],[-96.761399,32.844344],[-96.76136,32.841787],[-96.761473,32.836436],[-96.761513,32.832459],[-96.761564,32.829894],[-96.76155800000001,32.827934],[-96.760108,32.827934],[-96.760148,32.824851],[-96.761545,32.824838],[-96.761508,32.822916],[-96.761549,32.822001],[-96.761522,32.817335],[-96.761534,32.817194],[-96.761565,32.813857],[-96.761712,32.811526],[-96.761145,32.810998],[-96.76024,32.810239],[-96.76246,32.809295],[-96.764098,32.807895],[-96.763569,32.807459],[-96.766035,32.80541900000001],[-96.768115,32.804971],[-96.771553,32.802084],[-96.772361,32.802732],[-96.773552,32.803789],[-96.7763,32.806176],[-96.776617,32.806457],[-96.776335,32.806714],[-96.776447,32.806833],[-96.776298,32.806968],[-96.778011,32.808465],[-96.778471,32.808072],[-96.779295,32.80876],[-96.778752,32.809182],[-96.781313,32.81139],[-96.78191800000002,32.811029],[-96.782121,32.811203],[-96.782168,32.811242],[-96.786457,32.814977],[-96.78683,32.815143],[-96.787065,32.815118],[-96.789068,32.815438],[-96.78961,32.81559]]]},"properties":{"zcta":"75206","city_names":["Dallas"],"search_label":"75206 Dallas","dem_votes":10783,"rep_votes":7852,"total_votes":19091,"total_major_party_votes":18635,"dem_share":0.5786,"rep_share":0.4214,"margin":0.1572,"winner":"Democratic","precincts_assigned":18,"population":null,"median_age":null,"median_household_income":null,"white_non_hispanic_share":null,"black_non_hispanic_share":null,"asian_non_hispanic_share":null,"hispanic_share":null,"housing_units":null,"dominant_housing_era":null,"dominant_housing_era_share":null,"crime_year":2025,"crime_total":4461,"robbery_count":42,"homicide_count":1,"aggravated_assault_count":0,"shooting_count":91,"violent_crime_rate_per_100k":null,"robbery_rate_per_100k":null,"homicide_rate_per_100k":null,"shooting_rate_per_100k":null,"politics_status":"Mapped","safety_status":"Dallas OpenData","demographics_status":"Needs Review","needs_review":true,"source_label":"ACS 5-year ZCTA, Dallas OpenData incidents, 2024 presidential precinct returns"}},{"type":"Feature","geometry":{"bbox":[-96.8536,32.753273,-96.787714,32.812341],"type":"Polygon","coordinates":[[[-96.8536,32.802325],[-96.852374,32.806289],[-96.849496,32.811071],[-96.848772,32.812341],[-96.84582,32.811456],[-96.840371,32.808981],[-96.837295,32.807926],[-96.836977,32.808141],[-96.831667,32.806157000000006],[-96.829943,32.805675],[-96.822015,32.804183],[-96.820264,32.803537],[-96.819319,32.802728],[-96.817461,32.80022],[-96.817233,32.800528],[-96.816728,32.799908],[-96.815612,32.798788],[-96.815467,32.797412],[-96.813726,32.793836],[-96.810746,32.784185],[-96.81024,32.782648],[-96.811424,32.782411],[-96.811653,32.78115700000001],[-96.811315,32.777649],[-96.810401,32.778337],[-96.809382,32.778506],[-96.808583,32.77727],[-96.80785,32.774676],[-96.806288,32.773193],[-96.807643,32.771469],[-96.805419,32.772002],[-96.802037,32.770094],[-96.801875,32.769965],[-96.802029,32.768042],[-96.800761,32.769381],[-96.797653,32.765985],[-96.796094,32.764567],[-96.792516,32.76218],[-96.787714,32.759826],[-96.788218,32.759105],[-96.791491,32.753273],[-96.79587,32.755871],[-96.798071,32.756984],[-96.804033,32.761587],[-96.806479,32.762944],[-96.807124,32.763310000000004],[-96.81252,32.765287],[-96.81546,32.766939],[-96.817685,32.770207],[-96.822425,32.779989],[-96.824711,32.783499],[-96.826545,32.785451],[-96.828679,32.786691],[-96.835093,32.78965],[-96.834447,32.79345],[-96.848298,32.800578],[-96.850529,32.801535],[-96.85314400000001,32.802287],[-96.8536,32.802325]]]},"properties":{"zcta":"75207","city_names":["Dallas"],"search_label":"75207 Dallas","dem_votes":919,"rep_votes":364,"total_votes":1306,"total_major_party_votes":1283,"dem_share":0.7163,"rep_share":0.2837,"margin":0.4326,"winner":"Democratic","precincts_assigned":1,"population":null,"median_age":null,"median_household_income":null,"white_non_hispanic_share":null,"black_non_hispanic_share":null,"asian_non_hispanic_share":null,"hispanic_share":null,"housing_units":null,"dominant_housing_era":null,"dominant_housing_era_share":null,"crime_year":2025,"crime_total":2362,"robbery_count":25,"homicide_count":0,"aggravated_assault_count":0,"shooting_count":80,"violent_crime_rate_per_100k":null,"robbery_rate_per_100k":null,"homicide_rate_per_100k":null,"shooting_rate_per_100k":null,"politics_status":"Mapped","safety_status":"Dallas OpenData","demographics_status":"Needs Review","needs_review":true,"source_label":"ACS 5-year ZCTA, Dallas OpenData incidents, 2024 presidential precinct returns"}},{"type":"Feature","geometry":{"bbox":[-96.853551,32.821523,-96.811347,32.866784],"type":"Polygon","coordinates":[[[-96.853551,32.859758],[-96.848916,32.860013],[-96.845067,32.859142000000006],[-96.842623,32.860425],[-96.840131,32.859508],[-96.836958,32.860362],[-96.835931,32.862296],[-96.836369,32.86383],[-96.834427,32.863597],[-96.83465,32.862356],[-96.833406,32.862136],[-96.832138,32.861255],[-96.831321,32.861231],[-96.830563,32.861791],[-96.830107,32.862632],[-96.830048,32.863513],[-96.829069,32.863848],[-96.829147,32.863953],[-96.82502,32.866784],[-96.822183,32.866562],[-96.822084,32.866525],[-96.820407,32.865651],[-96.816881,32.865537],[-96.81153,32.865501],[-96.811347,32.865498],[-96.812324,32.857922],[-96.813168,32.851174],[-96.813667,32.846884],[-96.813831,32.845356],[-96.814879,32.836627],[-96.816106,32.826765],[-96.816876,32.821788],[-96.816889,32.821696],[-96.816909,32.821523],[-96.81799,32.822453],[-96.818639,32.823012],[-96.819731,32.823954],[-96.820685,32.823192],[-96.822448,32.824024],[-96.821094,32.825148],[-96.821754,32.82573800000001],[-96.821646,32.825825],[-96.822798,32.826853],[-96.823006,32.82703],[-96.8264,32.82996],[-96.82757800000002,32.831221],[-96.831556,32.836524],[-96.831639,32.836627],[-96.834109,32.839246],[-96.834488,32.84053],[-96.834491,32.844118],[-96.834749,32.844852],[-96.835108,32.845444],[-96.835539,32.845892],[-96.837099,32.847243],[-96.841151,32.850735],[-96.846883,32.855691],[-96.850207,32.85855],[-96.850604,32.858822],[-96.852107,32.859468],[-96.853551,32.859758]]]},"properties":{"zcta":"75209","city_names":["Dallas"],"search_label":"75209 Dallas","dem_votes":4054,"rep_votes":3732,"total_votes":7951,"total_major_party_votes":7786,"dem_share":0.5207,"rep_share":0.4793,"margin":0.0414,"winner":"Democratic","precincts_assigned":10,"population":null,"median_age":null,"median_household_income":null,"white_non_hispanic_share":null,"black_non_hispanic_share":null,"asian_non_hispanic_share":null,"hispanic_share":null,"housing_units":null,"dominant_housing_era":null,"dominant_housing_era_share":null,"crime_year":2025,"crime_total":1172,"robbery_count":16,"homicide_count":0,"aggravated_assault_count":0,"shooting_count":24,"violent_crime_rate_per_100k":null,"robbery_rate_per_100k":null,"homicide_rate_per_100k":null,"shooting_rate_per_100k":null,"politics_status":"Mapped","safety_status":"Dallas OpenData","demographics_status":"Needs Review","needs_review":true,"source_label":"ACS 5-year ZCTA, Dallas OpenData incidents, 2024 presidential precinct returns"}},{"type":"Feature","geometry":{"bbox":[-96.927378,32.765629,-96.822425,32.798192],"type":"Polygon","coordinates":[[[-96.927378,32.76702],[-96.926119,32.768665],[-96.926704,32.771206],[-96.926095,32.777524],[-96.926416,32.778694],[-96.926241,32.781405],[-96.926077,32.782076],[-96.925101,32.782682],[-96.918902,32.785719],[-96.918661,32.784675],[-96.915381,32.784255],[-96.914032,32.784433],[-96.91250000000001,32.785705],[-96.91055300000001,32.790655],[-96.910391,32.792268],[-96.907156,32.797262],[-96.904861,32.798071],[-96.898522,32.798192],[-96.883922,32.798118],[-96.883318,32.79811],[-96.882147,32.798009],[-96.873922,32.797969],[-96.854805,32.798026],[-96.852655,32.797916],[-96.851216,32.797645],[-96.848132,32.796386],[-96.843424,32.793633],[-96.835093,32.78965],[-96.828679,32.786691],[-96.826545,32.785451],[-96.824711,32.783499],[-96.822425,32.779989],[-96.825742,32.778821],[-96.824395,32.776998],[-96.835701,32.774609],[-96.841139,32.773591],[-96.847934,32.773878],[-96.85656700000001,32.775081],[-96.856677,32.766442],[-96.859332,32.767058],[-96.87384,32.76755],[-96.880822,32.767726],[-96.887145,32.767952],[-96.888547,32.767877],[-96.895844,32.766786],[-96.90233,32.766614],[-96.914396,32.766454],[-96.914633,32.766453],[-96.917657,32.766428],[-96.927327,32.765634],[-96.927377,32.765629],[-96.926976,32.766634],[-96.927378,32.76702]]]},"properties":{"zcta":"75212","city_names":["Dallas"],"search_label":"75212 Dallas","dem_votes":5282,"rep_votes":1702,"total_votes":7105,"total_major_party_votes":6984,"dem_share":0.7563,"rep_share":0.2437,"margin":0.5126,"winner":"Democratic","precincts_assigned":20,"population":null,"median_age":null,"median_household_income":null,"white_non_hispanic_share":null,"black_non_hispanic_share":null,"asian_non_hispanic_share":null,"hispanic_share":null,"housing_units":null,"dominant_housing_era":null,"dominant_housing_era_share":null,"crime_year":2025,"crime_total":2876,"robbery_count":52,"homicide_count":9,"aggravated_assault_count":0,"shooting_count":224,"violent_crime_rate_per_100k":null,"robbery_rate_per_100k":null,"homicide_rate_per_100k":null,"shooting_rate_per_100k":null,"politics_status":"Mapped","safety_status":"Dallas OpenData","demographics_status":"Needs Review","needs_review":true,"source_label":"ACS 5-year ZCTA, Dallas OpenData incidents, 2024 presidential precinct returns"}},{"type":"Feature","geometry":{"bbox":[-96.771553,32.793428,-96.719777,32.859626],"type":"Polygon","coordinates":[[[-96.771553,32.802084],[-96.768115,32.804971],[-96.766035,32.80541900000001],[-96.763569,32.807459],[-96.764098,32.807895],[-96.76246,32.809295],[-96.76024,32.810239],[-96.761145,32.810998],[-96.761712,32.811526],[-96.761565,32.813857],[-96.761534,32.817194],[-96.761522,32.817335],[-96.761549,32.822001],[-96.761508,32.822916],[-96.761545,32.824838],[-96.760148,32.824851],[-96.760108,32.827934],[-96.76155800000001,32.827934],[-96.761564,32.829894],[-96.761513,32.832459],[-96.761473,32.836436],[-96.76136,32.841787],[-96.761399,32.844344],[-96.761399,32.846536],[-96.76105,32.849467],[-96.76064300000002,32.850859],[-96.760597,32.850988],[-96.759781,32.852838],[-96.758527,32.854825],[-96.756517,32.857045],[-96.753803,32.859626],[-96.751161,32.857670000000006],[-96.749607,32.856904],[-96.749738,32.856793],[-96.748498,32.854458],[-96.747117,32.855477],[-96.745686,32.855115],[-96.74599,32.855933],[-96.744426,32.855642],[-96.743212,32.852876],[-96.741051,32.855009],[-96.736707,32.854185],[-96.735635,32.854106],[-96.733388,32.854719],[-96.733765,32.851753],[-96.73283100000002,32.853009],[-96.732654,32.854996],[-96.733163,32.854999],[-96.732683,32.855181],[-96.731694,32.85561],[-96.728654,32.856951],[-96.725103,32.858517],[-96.72182700000002,32.856226],[-96.721422,32.8555],[-96.723206,32.852755],[-96.723263,32.852666],[-96.724156,32.85138],[-96.724336,32.846916],[-96.719893,32.838096],[-96.719777,32.834428],[-96.722177,32.823827],[-96.723844,32.814943],[-96.723848,32.814813],[-96.726271,32.813189],[-96.726213,32.813063],[-96.72514,32.810955],[-96.726356,32.807384],[-96.725816,32.804378],[-96.727413,32.80425],[-96.728879,32.804288],[-96.733187,32.806407],[-96.73242,32.80795],[-96.733307,32.8065],[-96.733651,32.80684900000001],[-96.7357,32.808692],[-96.737847,32.809699],[-96.739974,32.809736],[-96.745049,32.807996],[-96.745739,32.807479],[-96.747155,32.806053],[-96.749257,32.803621],[-96.750863,32.802194],[-96.75401,32.799494],[-96.75419200000002,32.799339],[-96.754312,32.799242],[-96.759416,32.79507],[-96.760079,32.794629],[-96.761652,32.793428],[-96.763601,32.795108],[-96.76368500000001,32.795198],[-96.764208,32.795665],[-96.765877,32.797144],[-96.76931100000002,32.80013400000001],[-96.771472,32.802016],[-96.771553,32.802084]]]},"properties":{"zcta":"75214","city_names":["Dallas"],"search_label":"75214 Dallas","dem_votes":11118,"rep_votes":7035,"total_votes":18638,"total_major_party_votes":18153,"dem_share":0.6125,"rep_share":0.3875,"margin":0.225,"winner":"Democratic","precincts_assigned":14,"population":null,"median_age":null,"median_household_income":null,"white_non_hispanic_share":null,"black_non_hispanic_share":null,"asian_non_hispanic_share":null,"hispanic_share":null,"housing_units":null,"dominant_housing_era":null,"dominant_housing_era_share":null,"crime_year":2025,"crime_total":2026,"robbery_count":23,"homicide_count":0,"aggravated_assault_count":0,"shooting_count":69,"violent_crime_rate_per_100k":null,"robbery_rate_per_100k":null,"homicide_rate_per_100k":null,"shooting_rate_per_100k":null,"politics_status":"Mapped","safety_status":"Dallas OpenData","demographics_status":"Needs Review","needs_review":true,"source_label":"ACS 5-year ZCTA, Dallas OpenData incidents, 2024 presidential precinct returns"}},{"type":"Feature","geometry":{"bbox":[-96.726356,32.804378,-96.668053,32.870985],"type":"Polygon","coordinates":[[[-96.726356,32.807384],[-96.72514,32.810955],[-96.726213,32.813063],[-96.726271,32.813189],[-96.723848,32.814813],[-96.723844,32.814943],[-96.722177,32.823827],[-96.719777,32.834428],[-96.719893,32.838096],[-96.724336,32.846916],[-96.724156,32.85138],[-96.723263,32.852666],[-96.723206,32.852755],[-96.721422,32.8555],[-96.72182700000002,32.856226],[-96.725103,32.858517],[-96.718044,32.861808],[-96.713293,32.863878],[-96.712563,32.864069],[-96.710769,32.864207],[-96.707246,32.86421000000001],[-96.700566,32.863477],[-96.701663,32.861708],[-96.700396,32.857635],[-96.700916,32.861776],[-96.699109,32.864164],[-96.692947,32.864193],[-96.691909,32.864189],[-96.68893,32.86417],[-96.687275,32.864159],[-96.683219,32.864142],[-96.683078,32.864147],[-96.68304,32.866045],[-96.678874,32.865744],[-96.678918,32.864145],[-96.676602,32.864169000000004],[-96.67659900000001,32.865781],[-96.674324,32.865774],[-96.674344,32.868454],[-96.677644,32.869619],[-96.677359,32.870813],[-96.676303,32.870985],[-96.670085,32.869337],[-96.668053,32.868126],[-96.66854500000001,32.867417],[-96.669187,32.866544],[-96.670817,32.864051],[-96.674274,32.859144],[-96.679986,32.85069300000001],[-96.68448500000001,32.844237],[-96.685113,32.843001],[-96.686703,32.840163],[-96.690533,32.833269],[-96.69578,32.823859],[-96.697027,32.821483],[-96.698707,32.81956],[-96.705108,32.815219],[-96.70942,32.812266],[-96.718848,32.80601],[-96.720914,32.805049],[-96.725816,32.804378],[-96.726356,32.807384]]]},"properties":{"zcta":"75218","city_names":["Dallas","Garland"],"search_label":"75218 Dallas / Garland","dem_votes":8033,"rep_votes":4483,"total_votes":12792,"total_major_party_votes":12516,"dem_share":0.6418,"rep_share":0.3582,"margin":0.2836,"winner":"Democratic","precincts_assigned":8,"population":null,"median_age":null,"median_household_income":null,"white_non_hispanic_share":null,"black_non_hispanic_share":null,"asian_non_hispanic_share":null,"hispanic_share":null,"housing_units":null,"dominant_housing_era":null,"dominant_housing_era_share":null,"crime_year":2025,"crime_total":1324,"robbery_count":19,"homicide_count":0,"aggravated_assault_count":0,"shooting_count":51,"violent_crime_rate_per_100k":null,"robbery_rate_per_100k":null,"homicide_rate_per_100k":null,"shooting_rate_per_100k":null,"politics_status":"Mapped","safety_status":"Dallas OpenData","demographics_status":"Needs Review","needs_review":true,"source_label":"ACS 5-year ZCTA, Dallas OpenData incidents, 2024 presidential precinct returns"}},{"type":"Feature","geometry":{"bbox":[-96.829943,32.784185,-96.79833700000002,32.826765],"type":"Polygon","coordinates":[[[-96.829905,32.80615],[-96.828903,32.805805],[-96.827323,32.807237],[-96.828664,32.808524],[-96.829259,32.80923],[-96.827931,32.811619],[-96.827438,32.814959],[-96.826879,32.81646],[-96.826069,32.816827],[-96.82659,32.817416],[-96.825529,32.817808],[-96.825008,32.818161],[-96.823525,32.818378],[-96.82389700000002,32.819178],[-96.821485,32.819741],[-96.82238200000002,32.820679],[-96.821505,32.822255],[-96.819404,32.820469],[-96.81799,32.822453],[-96.816909,32.821523],[-96.816889,32.821696],[-96.816876,32.821788],[-96.816106,32.826765],[-96.815971,32.826754],[-96.81635,32.823673],[-96.812521,32.822856],[-96.812457,32.822804],[-96.812034,32.823195],[-96.80696000000002,32.823171],[-96.806866,32.823162],[-96.804513,32.823175],[-96.80439,32.823173],[-96.804383,32.822774],[-96.804393,32.822688],[-96.802347,32.822671],[-96.802516,32.823437],[-96.801012,32.82321],[-96.800209,32.819693],[-96.79998700000002,32.81897],[-96.799965,32.818816],[-96.79833700000002,32.81505],[-96.798379,32.813122],[-96.799585,32.812023],[-96.799209,32.811718],[-96.800259,32.810657],[-96.80141800000001,32.808472],[-96.80223700000002,32.806645],[-96.803227,32.804691],[-96.804296,32.803027],[-96.80526500000002,32.802305],[-96.805843,32.802048],[-96.805514,32.803424],[-96.809933,32.801676],[-96.811047,32.801302],[-96.809692,32.800018],[-96.812642,32.798172],[-96.813248,32.797379],[-96.814858,32.79840000000001],[-96.815007,32.797245],[-96.81431,32.79617],[-96.810505,32.791833],[-96.810274,32.791574],[-96.809525,32.790738],[-96.808562,32.791438],[-96.807801,32.789896],[-96.808647,32.789276],[-96.808719,32.786442],[-96.80888,32.785299],[-96.808951,32.784644],[-96.808966,32.784391],[-96.810746,32.784185],[-96.813726,32.793836],[-96.815467,32.797412],[-96.815612,32.798788],[-96.816728,32.799908],[-96.817233,32.800528],[-96.817461,32.80022],[-96.819319,32.802728],[-96.820264,32.803537],[-96.822015,32.804183],[-96.829943,32.805675],[-96.829905,32.80615]]]},"properties":{"zcta":"75219","city_names":["Dallas"],"search_label":"75219 Dallas","dem_votes":8694,"rep_votes":4455,"total_votes":13395,"total_major_party_votes":13149,"dem_share":0.6612,"rep_share":0.3388,"margin":0.3224,"winner":"Democratic","precincts_assigned":20,"population":null,"median_age":null,"median_household_income":null,"white_non_hispanic_share":null,"black_non_hispanic_share":null,"asian_non_hispanic_share":null,"hispanic_share":null,"housing_units":null,"dominant_housing_era":null,"dominant_housing_era_share":null,"crime_year":2025,"crime_total":3393,"robbery_count":59,"homicide_count":4,"aggravated_assault_count":0,"shooting_count":84,"violent_crime_rate_per_100k":null,"robbery_rate_per_100k":null,"homicide_rate_per_100k":null,"shooting_rate_per_100k":null,"politics_status":"Mapped","safety_status":"Dallas OpenData","demographics_status":"Needs Review","needs_review":true,"source_label":"ACS 5-year ZCTA, Dallas OpenData incidents, 2024 presidential precinct returns"}},{"type":"Feature","geometry":{"bbox":[-96.932036,32.83643,-96.809741,32.888624],"type":"Polygon","coordinates":[[[-96.932036,32.884251],[-96.93114,32.88608800000001],[-96.918817,32.886018],[-96.918757,32.88862],[-96.917568,32.888624],[-96.917637,32.886279],[-96.913439,32.886099],[-96.915881,32.874026],[-96.91384500000001,32.875369],[-96.913523,32.873972],[-96.90944,32.87389],[-96.909369,32.876572],[-96.90454,32.876821],[-96.903728,32.878],[-96.902928,32.881055],[-96.898143,32.881014],[-96.898146,32.881152],[-96.885468,32.881245],[-96.883629,32.881138],[-96.883566,32.880934],[-96.883234,32.879866],[-96.879571,32.879828],[-96.878271,32.880921],[-96.877113,32.880912],[-96.877001,32.880909],[-96.876413,32.880909],[-96.868646,32.880392],[-96.865843,32.880789],[-96.865705,32.880792],[-96.859331,32.880626],[-96.856828,32.880547],[-96.856275,32.880428],[-96.856137,32.880381],[-96.856113,32.878975],[-96.854726,32.878978],[-96.854726,32.87987],[-96.853092,32.879893],[-96.853092,32.880291],[-96.846327,32.880299],[-96.846324,32.879758],[-96.841587,32.880281],[-96.838529,32.880201],[-96.838403,32.879726],[-96.830765,32.879322],[-96.830166,32.880117],[-96.821126,32.880119],[-96.820983,32.877981],[-96.81818100000001,32.880043],[-96.809741,32.880062],[-96.81153,32.865501],[-96.816881,32.865537],[-96.820407,32.865651],[-96.822084,32.866525],[-96.822183,32.866562],[-96.82502,32.866784],[-96.829147,32.863953],[-96.829069,32.863848],[-96.830048,32.863513],[-96.830107,32.862632],[-96.830563,32.861791],[-96.831321,32.861231],[-96.832138,32.861255],[-96.833406,32.862136],[-96.83465,32.862356],[-96.834427,32.863597],[-96.836369,32.86383],[-96.835931,32.862296],[-96.836958,32.860362],[-96.840131,32.859508],[-96.842623,32.860425],[-96.845067,32.859142000000006],[-96.848916,32.860013],[-96.853551,32.859758],[-96.854108,32.860089],[-96.854465,32.859972],[-96.85639,32.859592],[-96.859194,32.857148],[-96.860368,32.855063],[-96.862736,32.853678],[-96.864933,32.851498],[-96.86624,32.849277],[-96.867617,32.849977],[-96.870379,32.849762],[-96.872352,32.84835400000001],[-96.873903,32.849005000000005],[-96.870083,32.845886],[-96.871722,32.845478],[-96.873104,32.843867],[-96.870358,32.841479],[-96.8701,32.840521],[-96.872574,32.838658],[-96.875282,32.838212],[-96.87526,32.838127],[-96.876726,32.842053],[-96.883542,32.840558],[-96.888951,32.837736],[-96.889887,32.83643],[-96.889666,32.844122],[-96.888789,32.847524],[-96.889554,32.848166],[-96.891615,32.847164],[-96.893201,32.847803],[-96.893663,32.84973800000001],[-96.895362,32.85092],[-96.898553,32.850549],[-96.897885,32.85201],[-96.897941,32.852463],[-96.89859,32.853318],[-96.89937100000002,32.853658],[-96.90032,32.853491],[-96.901094,32.852352],[-96.901894,32.852185],[-96.90309900000001,32.85262],[-96.903555,32.853081],[-96.903492,32.853752],[-96.904048,32.854188],[-96.905633,32.85385600000001],[-96.90617200000001,32.853995],[-96.908479,32.856088],[-96.911774,32.855762],[-96.912468,32.857906],[-96.913717,32.857942],[-96.914751,32.856056],[-96.916447,32.856091],[-96.91695300000002,32.858494],[-96.91934200000001,32.857413],[-96.923175,32.858172],[-96.925006,32.859645],[-96.922435,32.860714],[-96.922261,32.861993],[-96.925297,32.863387],[-96.92429,32.865772],[-96.926201,32.865333],[-96.92702,32.866448],[-96.924975,32.868151],[-96.923946,32.868696],[-96.923542,32.869145],[-96.92346,32.86959],[-96.923604,32.870179],[-96.923842,32.870632],[-96.924191,32.870886],[-96.925019,32.870913],[-96.926978,32.869351],[-96.931239,32.870776],[-96.931272,32.8733],[-96.931073,32.873728],[-96.93079,32.874111],[-96.929676,32.875687],[-96.929296,32.87757],[-96.92941,32.880215],[-96.928271,32.881562],[-96.927822,32.882845],[-96.928164,32.883328],[-96.929026,32.88351],[-96.931281,32.883071],[-96.931443,32.883144],[-96.932036,32.884251]]]},"properties":{"zcta":"75220","city_names":["Dallas"],"search_label":"75220 Dallas","dem_votes":4530,"rep_votes":3501,"total_votes":8196,"total_major_party_votes":8031,"dem_share":0.5641,"rep_share":0.4359,"margin":0.1282,"winner":"Democratic","precincts_assigned":16,"population":null,"median_age":null,"median_household_income":null,"white_non_hispanic_share":null,"black_non_hispanic_share":null,"asian_non_hispanic_share":null,"hispanic_share":null,"housing_units":null,"dominant_housing_era":null,"dominant_housing_era_share":null,"crime_year":2025,"crime_total":5528,"robbery_count":138,"homicide_count":5,"aggravated_assault_count":0,"shooting_count":298,"violent_crime_rate_per_100k":null,"robbery_rate_per_100k":null,"homicide_rate_per_100k":null,"shooting_rate_per_100k":null,"politics_status":"Mapped","safety_status":"Dallas OpenData","demographics_status":"Needs Review","needs_review":true,"source_label":"ACS 5-year ZCTA, Dallas OpenData incidents, 2024 presidential precinct returns"}},{"type":"Feature","geometry":{"bbox":[-96.769777,32.777715,-96.728874,32.809736],"type":"Polygon","coordinates":[[[-96.769777,32.784875],[-96.768468,32.786718],[-96.767239,32.788479],[-96.761406,32.793239],[-96.761652,32.793428],[-96.760079,32.794629],[-96.759416,32.79507],[-96.754312,32.799242],[-96.75419200000002,32.799339],[-96.75401,32.799494],[-96.750863,32.802194],[-96.749257,32.803621],[-96.747155,32.806053],[-96.745739,32.807479],[-96.745049,32.807996],[-96.739974,32.809736],[-96.737847,32.809699],[-96.7357,32.808692],[-96.733651,32.80684900000001],[-96.733307,32.8065],[-96.73242,32.80795],[-96.733187,32.806407],[-96.728879,32.804288],[-96.728874,32.802874],[-96.731474,32.792949],[-96.73185,32.791713],[-96.730277,32.791825],[-96.729178,32.792111],[-96.72918900000002,32.791893],[-96.730729,32.791559],[-96.731899,32.791508],[-96.733135,32.78373],[-96.729087,32.783693],[-96.729081,32.783579],[-96.733157,32.78362],[-96.734201,32.777715],[-96.73489,32.777794],[-96.737755,32.778386],[-96.74851500000001,32.780028],[-96.754889,32.78118],[-96.759428,32.782138],[-96.765309,32.783723],[-96.765535,32.783786],[-96.76873,32.784604],[-96.769777,32.784875]]]},"properties":{"zcta":"75223","city_names":["Dallas"],"search_label":"75223 Dallas","dem_votes":3285,"rep_votes":1177,"total_votes":4554,"total_major_party_votes":4462,"dem_share":0.7362,"rep_share":0.2638,"margin":0.4724,"winner":"Democratic","precincts_assigned":15,"population":null,"median_age":null,"median_household_income":null,"white_non_hispanic_share":null,"black_non_hispanic_share":null,"asian_non_hispanic_share":null,"hispanic_share":null,"housing_units":null,"dominant_housing_era":null,"dominant_housing_era_share":null,"crime_year":2025,"crime_total":1403,"robbery_count":29,"homicide_count":4,"aggravated_assault_count":0,"shooting_count":117,"violent_crime_rate_per_100k":null,"robbery_rate_per_100k":null,"homicide_rate_per_100k":null,"shooting_rate_per_100k":null,"politics_status":"Mapped","safety_status":"Dallas OpenData","demographics_status":"Needs Review","needs_review":true,"source_label":"ACS 5-year ZCTA, Dallas OpenData incidents, 2024 presidential precinct returns"}},{"type":"Feature","geometry":{"bbox":[-96.813168,32.850246,-96.77035,32.880177],"type":"Polygon","coordinates":[[[-96.812324,32.857922],[-96.811347,32.865498],[-96.81153,32.865501],[-96.809741,32.880062],[-96.809727,32.880177],[-96.809561,32.880177],[-96.80404,32.880114],[-96.804062,32.879157],[-96.799796,32.879142],[-96.799884,32.879967],[-96.796481,32.879967],[-96.796237,32.879129],[-96.790234,32.879043],[-96.786662,32.879902],[-96.786662,32.880032],[-96.783558,32.880141],[-96.778675,32.880161],[-96.778682,32.880024000000006],[-96.773744,32.880024000000006],[-96.771388,32.879106],[-96.77071,32.879721],[-96.770708,32.877474],[-96.772628,32.876939],[-96.771907,32.875777],[-96.771754,32.871904],[-96.770667,32.871847],[-96.77035,32.871851],[-96.770373,32.865603],[-96.770406,32.860885],[-96.770454,32.857273],[-96.770454,32.857094],[-96.77047,32.855895000000004],[-96.77157100000001,32.85099700000001],[-96.77177600000002,32.851007],[-96.771998,32.850467],[-96.772774,32.850484],[-96.77277700000002,32.851024],[-96.777006,32.85109],[-96.777015,32.850551],[-96.777132,32.850502],[-96.778955,32.850522000000005],[-96.778969,32.851107],[-96.782865,32.851101],[-96.782845,32.850627],[-96.786907,32.850668],[-96.786915,32.851143],[-96.787924,32.851165],[-96.787932,32.850253],[-96.78916100000001,32.850246],[-96.789164,32.850674],[-96.79001700000002,32.850673],[-96.790049,32.851188],[-96.79495,32.851073],[-96.804211,32.851134],[-96.804786,32.851136],[-96.804789,32.850665],[-96.806757,32.850673],[-96.806757,32.85114],[-96.812086,32.851177],[-96.813168,32.851174],[-96.812324,32.857922]]]},"properties":{"zcta":"75225","city_names":["Dallas"],"search_label":"75225 Dallas","dem_votes":5039,"rep_votes":9502,"total_votes":14867,"total_major_party_votes":14541,"dem_share":0.3465,"rep_share":0.6535,"margin":-0.307,"winner":"Republican","precincts_assigned":12,"population":null,"median_age":null,"median_household_income":null,"white_non_hispanic_share":null,"black_non_hispanic_share":null,"asian_non_hispanic_share":null,"hispanic_share":null,"housing_units":null,"dominant_housing_era":null,"dominant_housing_era_share":null,"crime_year":2025,"crime_total":1392,"robbery_count":15,"homicide_count":0,"aggravated_assault_count":0,"shooting_count":14,"violent_crime_rate_per_100k":null,"robbery_rate_per_100k":null,"homicide_rate_per_100k":null,"shooting_rate_per_100k":null,"politics_status":"Mapped","safety_status":"Dallas OpenData","demographics_status":"Needs Review","needs_review":true,"source_label":"ACS 5-year ZCTA, Dallas OpenData incidents, 2024 presidential precinct returns"}},{"type":"Feature","geometry":{"bbox":[-96.790999,32.772318,-96.761406,32.795665],"type":"Polygon","coordinates":[[[-96.790999,32.784067],[-96.789509,32.784568],[-96.78958500000002,32.785183],[-96.788822,32.785781],[-96.788166,32.785235],[-96.787867,32.785395],[-96.785781,32.786904],[-96.784951,32.787377],[-96.785384,32.787824],[-96.782507,32.789892],[-96.782121,32.789543],[-96.779458,32.78696300000001],[-96.777627,32.786855],[-96.775341,32.78636],[-96.774518,32.7879],[-96.772199,32.789868],[-96.77164,32.789355],[-96.767297,32.793143],[-96.765731,32.793512],[-96.764208,32.795665],[-96.76368500000001,32.795198],[-96.763601,32.795108],[-96.761652,32.793428],[-96.761406,32.793239],[-96.767239,32.788479],[-96.768468,32.786718],[-96.769777,32.784875],[-96.76873,32.784604],[-96.765535,32.783786],[-96.766738,32.78127],[-96.76847,32.781713],[-96.769093,32.779936],[-96.768078,32.77817],[-96.769665,32.778318],[-96.769781,32.778064],[-96.770945,32.778768],[-96.77526,32.775035],[-96.776032,32.776075],[-96.777779,32.773584],[-96.778391,32.772906],[-96.778761,32.772318],[-96.780907,32.774457],[-96.782469,32.775078],[-96.784304,32.776258],[-96.786625,32.775743000000006],[-96.78642200000002,32.775836],[-96.787131,32.77693],[-96.785407,32.778386],[-96.784847,32.779469000000006],[-96.785035,32.77969],[-96.785356,32.780054],[-96.786205,32.781001],[-96.786499,32.781692],[-96.786556,32.782082],[-96.790604,32.783825],[-96.790999,32.784067]]]},"properties":{"zcta":"75226","city_names":["Dallas"],"search_label":"75226 Dallas","dem_votes":1345,"rep_votes":355,"total_votes":1742,"total_major_party_votes":1700,"dem_share":0.7912,"rep_share":0.2088,"margin":0.5824,"winner":"Democratic","precincts_assigned":4,"population":null,"median_age":null,"median_household_income":null,"white_non_hispanic_share":null,"black_non_hispanic_share":null,"asian_non_hispanic_share":null,"hispanic_share":null,"housing_units":null,"dominant_housing_era":null,"dominant_housing_era_share":null,"crime_year":2025,"crime_total":3372,"robbery_count":43,"homicide_count":4,"aggravated_assault_count":0,"shooting_count":178,"violent_crime_rate_per_100k":null,"robbery_rate_per_100k":null,"homicide_rate_per_100k":null,"shooting_rate_per_100k":null,"politics_status":"Mapped","safety_status":"Dallas OpenData","demographics_status":"Needs Review","needs_review":true,"source_label":"ACS 5-year ZCTA, Dallas OpenData incidents, 2024 presidential precinct returns"}},{"type":"Feature","geometry":{"bbox":[-96.73185,32.789096,-96.634854,32.868126],"type":"Polygon","coordinates":[[[-96.731474,32.792949],[-96.728874,32.802874],[-96.728879,32.804288],[-96.727413,32.80425],[-96.725816,32.804378],[-96.720914,32.805049],[-96.718848,32.80601],[-96.70942,32.812266],[-96.705108,32.815219],[-96.698707,32.81956],[-96.697027,32.821483],[-96.69578,32.823859],[-96.690533,32.833269],[-96.686703,32.840163],[-96.685113,32.843001],[-96.68448500000001,32.844237],[-96.679986,32.85069300000001],[-96.674274,32.859144],[-96.670817,32.864051],[-96.669187,32.866544],[-96.66854500000001,32.867417],[-96.668053,32.868126],[-96.665625,32.866614],[-96.665491,32.866538],[-96.661581,32.864036],[-96.658127,32.861839],[-96.650237,32.856841],[-96.648839,32.855953],[-96.645719,32.853855],[-96.642738,32.851275],[-96.636173,32.845506],[-96.6349,32.843857],[-96.634854,32.843785],[-96.635868,32.842925],[-96.639674,32.839652],[-96.642307,32.839593],[-96.64718,32.837667],[-96.648996,32.838334],[-96.652556,32.835316],[-96.655263,32.837638],[-96.658861,32.834526],[-96.658359,32.833800000000004],[-96.65819,32.830853000000005],[-96.658165,32.830382],[-96.65814300000001,32.828674],[-96.658164,32.827824],[-96.657872,32.824824],[-96.658051,32.821533],[-96.65859,32.821506],[-96.658604,32.821392],[-96.659294,32.82136100000001],[-96.661683,32.821391],[-96.661622,32.819063],[-96.66217400000001,32.819032],[-96.662321,32.819025],[-96.66226400000001,32.815541],[-96.665255,32.815398],[-96.665388,32.814168],[-96.665386,32.811311],[-96.665257,32.810951],[-96.665699,32.810003],[-96.66577,32.807035],[-96.668106,32.807018],[-96.668291,32.80687],[-96.673605,32.806879],[-96.673626,32.805964],[-96.674546,32.803667],[-96.67533400000002,32.802611],[-96.675373,32.801023],[-96.674679,32.801158],[-96.673844,32.801525],[-96.674166,32.800877],[-96.675565,32.800117],[-96.676428,32.79973],[-96.677292,32.799363],[-96.68257500000001,32.798011],[-96.682847,32.796374],[-96.685021,32.792521],[-96.688328,32.792491],[-96.691226,32.792526],[-96.694258,32.792569],[-96.696067,32.792459],[-96.695791,32.791149],[-96.698351,32.790814],[-96.69941,32.790560000000006],[-96.699489,32.789637],[-96.699946,32.789637],[-96.699909,32.792009],[-96.700078,32.791972],[-96.702141,32.791742],[-96.712332,32.792803],[-96.712326,32.789138],[-96.716387,32.789096],[-96.717156,32.789598],[-96.71719200000001,32.793544],[-96.717469,32.793564],[-96.717857,32.793565],[-96.727486,32.792982],[-96.729178,32.792111],[-96.730277,32.791825],[-96.73185,32.791713],[-96.731474,32.792949]]]},"properties":{"zcta":"75228","city_names":["Dallas","Garland"],"search_label":"75228 Dallas / Garland","dem_votes":11646,"rep_votes":5406,"total_votes":17369,"total_major_party_votes":17052,"dem_share":0.683,"rep_share":0.317,"margin":0.366,"winner":"Democratic","precincts_assigned":34,"population":null,"median_age":null,"median_household_income":null,"white_non_hispanic_share":null,"black_non_hispanic_share":null,"asian_non_hispanic_share":null,"hispanic_share":null,"housing_units":null,"dominant_housing_era":null,"dominant_housing_era_share":null,"crime_year":2025,"crime_total":4908,"robbery_count":107,"homicide_count":5,"aggravated_assault_count":0,"shooting_count":309,"violent_crime_rate_per_100k":null,"robbery_rate_per_100k":null,"homicide_rate_per_100k":null,"shooting_rate_per_100k":null,"politics_status":"Mapped","safety_status":"Dallas OpenData","demographics_status":"Needs Review","needs_review":true,"source_label":"ACS 5-year ZCTA, Dallas OpenData incidents, 2024 presidential precinct returns"}},{"type":"Feature","geometry":{"bbox":[-96.931813,32.87389,-96.808512,32.909666],"type":"MultiPolygon","coordinates":[[[[-96.930221,32.886803],[-96.929939,32.887772],[-96.93081,32.89068100000001],[-96.927653,32.891215],[-96.926946,32.892342],[-96.927229,32.893569],[-96.928124,32.894698],[-96.928376,32.895688],[-96.928373,32.89604],[-96.928452,32.896043],[-96.928068,32.899545],[-96.927307,32.900104],[-96.927448,32.900551],[-96.92753,32.901287],[-96.9268,32.902628],[-96.926608,32.903054],[-96.926655,32.903603],[-96.92709900000001,32.904546],[-96.927566,32.905114],[-96.9281268432843,32.9055073627385],[-96.927714,32.905329],[-96.926316,32.903761],[-96.92484500000002,32.901244],[-96.922695,32.90074],[-96.920899,32.904075],[-96.919352,32.905136],[-96.918633,32.903942],[-96.918753,32.895636],[-96.912789,32.895708000000006],[-96.911491,32.895688],[-96.910693,32.899741],[-96.909259,32.90661],[-96.904542,32.906695],[-96.904286,32.903851],[-96.902396,32.904055],[-96.902401,32.905913],[-96.899644,32.905928],[-96.899732,32.908057],[-96.898114,32.908161],[-96.892207,32.908842],[-96.89185,32.907715],[-96.889528,32.908779],[-96.882531,32.909403],[-96.88162,32.909436],[-96.88079,32.908231],[-96.872887,32.908289],[-96.872404,32.908712],[-96.87242100000002,32.906826],[-96.872261,32.906826],[-96.869935,32.907587],[-96.863999,32.907674],[-96.864,32.908056],[-96.856207,32.90801200000001],[-96.85616,32.909652],[-96.846891,32.909654],[-96.84632,32.909666],[-96.843359,32.90963],[-96.838331,32.909621],[-96.830852,32.909636],[-96.829632,32.909627],[-96.81948700000001,32.909611],[-96.818365,32.909615],[-96.818365,32.908324],[-96.81487,32.908313],[-96.815049,32.909591],[-96.814644,32.909585],[-96.814485,32.90958],[-96.80925700000002,32.894923],[-96.808512,32.891492],[-96.808768,32.886586],[-96.809561,32.880177],[-96.809727,32.880177],[-96.809741,32.880062],[-96.81818100000001,32.880043],[-96.820983,32.877981],[-96.821126,32.880119],[-96.830166,32.880117],[-96.830765,32.879322],[-96.838403,32.879726],[-96.838529,32.880201],[-96.841587,32.880281],[-96.846324,32.879758],[-96.846327,32.880299],[-96.853092,32.880291],[-96.853092,32.879893],[-96.854726,32.87987],[-96.854726,32.878978],[-96.856113,32.878975],[-96.856137,32.880381],[-96.856275,32.880428],[-96.856828,32.880547],[-96.859331,32.880626],[-96.865705,32.880792],[-96.865843,32.880789],[-96.868646,32.880392],[-96.876413,32.880909],[-96.877001,32.880909],[-96.877113,32.880912],[-96.878271,32.880921],[-96.879571,32.879828],[-96.883234,32.879866],[-96.883566,32.880934],[-96.883629,32.881138],[-96.885468,32.881245],[-96.898146,32.881152],[-96.898143,32.881014],[-96.902928,32.881055],[-96.903728,32.878],[-96.90454,32.876821],[-96.909369,32.876572],[-96.90944,32.87389],[-96.913523,32.873972],[-96.91384500000001,32.875369],[-96.915881,32.874026],[-96.913439,32.886099],[-96.917637,32.886279],[-96.917568,32.888624],[-96.918757,32.88862],[-96.918817,32.886018],[-96.93114,32.88608800000001],[-96.930221,32.886803]]],[[[-96.931813,32.907334],[-96.931122,32.908838],[-96.931364,32.90777],[-96.931272,32.907266],[-96.93023,32.906416],[-96.9281268432843,32.9055073627385],[-96.929015,32.90584],[-96.929949,32.905997],[-96.931514,32.9069],[-96.931813,32.907334]]]]},"properties":{"zcta":"75229","city_names":["Dallas","Farmers Branch"],"search_label":"75229 Dallas / Farmers Branch","dem_votes":7650,"rep_votes":6330,"total_votes":14320,"total_major_party_votes":13980,"dem_share":0.5472,"rep_share":0.4528,"margin":0.0944,"winner":"Democratic","precincts_assigned":22,"population":null,"median_age":null,"median_household_income":null,"white_non_hispanic_share":null,"black_non_hispanic_share":null,"asian_non_hispanic_share":null,"hispanic_share":null,"housing_units":null,"dominant_housing_era":null,"dominant_housing_era_share":null,"crime_year":2025,"crime_total":3290,"robbery_count":59,"homicide_count":1,"aggravated_assault_count":0,"shooting_count":110,"violent_crime_rate_per_100k":null,"robbery_rate_per_100k":null,"homicide_rate_per_100k":null,"shooting_rate_per_100k":null,"politics_status":"Mapped","safety_status":"Dallas OpenData","demographics_status":"Needs Review","needs_review":true,"source_label":"ACS 5-year ZCTA, Dallas OpenData incidents, 2024 presidential precinct returns"}},{"type":"Feature","geometry":{"bbox":[-96.818827,32.879043,-96.768789,32.925503],"type":"Polygon","coordinates":[[[-96.818638,32.921481],[-96.815044,32.922232],[-96.81503,32.924484],[-96.811233,32.924469],[-96.811145,32.925503],[-96.807116,32.925491],[-96.80357800000002,32.924999],[-96.803569,32.924228],[-96.803552,32.922545],[-96.797251,32.922536],[-96.797231,32.924153],[-96.786305,32.924261],[-96.786307,32.924658],[-96.78615,32.924256],[-96.781304,32.92378],[-96.781697,32.922872],[-96.779604,32.920834],[-96.778309,32.921053],[-96.778905,32.917423],[-96.776494,32.916474],[-96.777008,32.912016],[-96.775096,32.90977],[-96.773748,32.909714],[-96.775153,32.910849],[-96.775988,32.913552],[-96.773375,32.913469],[-96.771013,32.913542],[-96.770973,32.910432],[-96.769347,32.910404],[-96.769326,32.91084],[-96.768985,32.912094],[-96.768789,32.911781],[-96.768972,32.910708],[-96.769032,32.909347],[-96.769032,32.909195],[-96.769387,32.905543],[-96.770687,32.906483],[-96.771802,32.905925],[-96.76942,32.904128],[-96.769448,32.901733],[-96.769158,32.901775],[-96.769197,32.898713],[-96.76924,32.896368],[-96.769359,32.89637],[-96.76948900000001,32.896372],[-96.770851,32.896237],[-96.769543,32.894215],[-96.769912,32.890306],[-96.770285,32.887769],[-96.770045,32.887735],[-96.770186,32.886532],[-96.770249,32.88015],[-96.770713,32.88015],[-96.77071,32.879721],[-96.771388,32.879106],[-96.773744,32.880024000000006],[-96.778682,32.880024000000006],[-96.778675,32.880161],[-96.783558,32.880141],[-96.786662,32.880032],[-96.786662,32.879902],[-96.790234,32.879043],[-96.796237,32.879129],[-96.796481,32.879967],[-96.799884,32.879967],[-96.799796,32.879142],[-96.804062,32.879157],[-96.80404,32.880114],[-96.809561,32.880177],[-96.808768,32.886586],[-96.808512,32.891492],[-96.80925700000002,32.894923],[-96.814485,32.90958],[-96.814644,32.909585],[-96.818827,32.921478],[-96.818638,32.921481]]]},"properties":{"zcta":"75230","city_names":["Dallas"],"search_label":"75230 Dallas","dem_votes":7799,"rep_votes":7453,"total_votes":15616,"total_major_party_votes":15252,"dem_share":0.5113,"rep_share":0.4887,"margin":0.0226,"winner":"Democratic","precincts_assigned":11,"population":null,"median_age":null,"median_household_income":null,"white_non_hispanic_share":null,"black_non_hispanic_share":null,"asian_non_hispanic_share":null,"hispanic_share":null,"housing_units":null,"dominant_housing_era":null,"dominant_housing_era_share":null,"crime_year":2025,"crime_total":1500,"robbery_count":13,"homicide_count":0,"aggravated_assault_count":0,"shooting_count":38,"violent_crime_rate_per_100k":null,"robbery_rate_per_100k":null,"homicide_rate_per_100k":null,"shooting_rate_per_100k":null,"politics_status":"Mapped","safety_status":"Dallas OpenData","demographics_status":"Needs Review","needs_review":true,"source_label":"ACS 5-year ZCTA, Dallas OpenData incidents, 2024 presidential precinct returns"}},{"type":"Feature","geometry":{"bbox":[-96.772628,32.851753,-96.72186800000001,32.898713],"type":"Polygon","coordinates":[[[-96.772628,32.876939],[-96.770708,32.877474],[-96.77071,32.879721],[-96.770713,32.88015],[-96.770249,32.88015],[-96.770186,32.886532],[-96.770045,32.887735],[-96.770285,32.887769],[-96.769912,32.890306],[-96.769543,32.894215],[-96.770851,32.896237],[-96.76948900000001,32.896372],[-96.769359,32.89637],[-96.76924,32.896368],[-96.769197,32.898713],[-96.768668,32.898704],[-96.76339,32.898631],[-96.761455,32.896492],[-96.76176700000002,32.895417],[-96.759069,32.890478],[-96.756688,32.889043],[-96.755005,32.890821],[-96.75341200000001,32.893662],[-96.751517,32.893307],[-96.747254,32.893949],[-96.744385,32.893906],[-96.740882,32.893166],[-96.74073,32.893122],[-96.74137,32.89175],[-96.741605,32.890338],[-96.741011,32.890346],[-96.740917,32.891211],[-96.736812,32.891253],[-96.736763,32.892992],[-96.734284,32.894343],[-96.73012,32.8945],[-96.728503,32.894568],[-96.724448,32.894588],[-96.72186800000001,32.894548],[-96.726092,32.891044],[-96.729514,32.889255],[-96.730645,32.888016],[-96.731089,32.886032],[-96.730005,32.88196],[-96.730676,32.878725],[-96.730704,32.87859400000001],[-96.73091,32.873858],[-96.733317,32.868496],[-96.733953,32.863231],[-96.734071,32.861235],[-96.732683,32.855181],[-96.733163,32.854999],[-96.732654,32.854996],[-96.73283100000002,32.853009],[-96.733765,32.851753],[-96.733388,32.854719],[-96.735635,32.854106],[-96.736707,32.854185],[-96.741051,32.855009],[-96.743212,32.852876],[-96.744426,32.855642],[-96.74599,32.855933],[-96.745686,32.855115],[-96.747117,32.855477],[-96.748498,32.854458],[-96.749738,32.856793],[-96.749607,32.856904],[-96.751161,32.857670000000006],[-96.753803,32.859626],[-96.756076,32.86135000000001],[-96.75676,32.861877],[-96.760072,32.864389],[-96.761631,32.86515],[-96.76385100000002,32.865519],[-96.767273,32.865537],[-96.770373,32.865603],[-96.77035,32.871851],[-96.770667,32.871847],[-96.771754,32.871904],[-96.771907,32.875777],[-96.772628,32.876939]]]},"properties":{"zcta":"75231","city_names":["Dallas"],"search_label":"75231 Dallas","dem_votes":6532,"rep_votes":3917,"total_votes":10688,"total_major_party_votes":10449,"dem_share":0.6251,"rep_share":0.3749,"margin":0.2502,"winner":"Democratic","precincts_assigned":17,"population":null,"median_age":null,"median_household_income":null,"white_non_hispanic_share":null,"black_non_hispanic_share":null,"asian_non_hispanic_share":null,"hispanic_share":null,"housing_units":null,"dominant_housing_era":null,"dominant_housing_era_share":null,"crime_year":2025,"crime_total":4352,"robbery_count":91,"homicide_count":1,"aggravated_assault_count":0,"shooting_count":172,"violent_crime_rate_per_100k":null,"robbery_rate_per_100k":null,"homicide_rate_per_100k":null,"shooting_rate_per_100k":null,"politics_status":"Mapped","safety_status":"Dallas OpenData","demographics_status":"Needs Review","needs_review":true,"source_label":"ACS 5-year ZCTA, Dallas OpenData incidents, 2024 presidential precinct returns"}},{"type":"Feature","geometry":{"bbox":[-96.937507,32.895636,-96.855801,32.953381],"type":"Polygon","coordinates":[[[-96.937507,32.913766],[-96.931579,32.917905],[-96.925229,32.918028],[-96.925129,32.920750000000005],[-96.925259,32.926589],[-96.921365,32.926609],[-96.920487,32.926786],[-96.920507,32.930639],[-96.915271,32.930646],[-96.915144,32.926994],[-96.911356,32.928396],[-96.909705,32.928438],[-96.909681,32.936826],[-96.910073,32.939176],[-96.908918,32.939138],[-96.902727,32.939173],[-96.90265,32.938617],[-96.902135,32.93868500000001],[-96.900705,32.938712],[-96.900618,32.939158],[-96.890569,32.939084],[-96.890454,32.943196],[-96.890438,32.944135],[-96.890418,32.946374],[-96.88754800000001,32.946393],[-96.881724,32.94633],[-96.871899,32.94635],[-96.871134,32.94804200000001],[-96.871071,32.948338],[-96.870966,32.948513],[-96.870721,32.953381],[-96.864197,32.953232],[-96.855929,32.95309],[-96.855801,32.953083],[-96.855807,32.949605],[-96.855868,32.943653],[-96.855876,32.94129],[-96.855895,32.940004],[-96.85593,32.935809],[-96.855937,32.933678],[-96.855929,32.933543],[-96.855914,32.933293],[-96.855951,32.925323],[-96.855989,32.924231],[-96.85604900000001,32.918138],[-96.85605100000001,32.91572300000001],[-96.856089,32.913189],[-96.85616,32.909652],[-96.856207,32.90801200000001],[-96.864,32.908056],[-96.863999,32.907674],[-96.869935,32.907587],[-96.872261,32.906826],[-96.87242100000002,32.906826],[-96.872404,32.908712],[-96.872887,32.908289],[-96.88079,32.908231],[-96.88162,32.909436],[-96.882531,32.909403],[-96.889528,32.908779],[-96.89185,32.907715],[-96.892207,32.908842],[-96.898114,32.908161],[-96.899732,32.908057],[-96.899644,32.905928],[-96.902401,32.905913],[-96.902396,32.904055],[-96.904286,32.903851],[-96.904542,32.906695],[-96.909259,32.90661],[-96.910693,32.899741],[-96.911491,32.895688],[-96.912789,32.895708000000006],[-96.918753,32.895636],[-96.918633,32.903942],[-96.919352,32.905136],[-96.920899,32.904075],[-96.922695,32.90074],[-96.92484500000002,32.901244],[-96.926316,32.903761],[-96.927714,32.905329],[-96.9281268432843,32.9055073627385],[-96.93023,32.906416],[-96.931272,32.907266],[-96.931364,32.90777],[-96.931122,32.908838],[-96.931075,32.90943],[-96.930244,32.909249],[-96.930675,32.910735],[-96.933267,32.912618],[-96.935551,32.912892],[-96.935595,32.912739],[-96.935695,32.912728],[-96.935893,32.912838],[-96.936103,32.912832],[-96.936364,32.912926],[-96.936661,32.913113],[-96.936927,32.913379],[-96.937048,32.913572],[-96.937507,32.913766]]]},"properties":{"zcta":"75234","city_names":["Addison","Carrollton","Dallas","Farmers Branch"],"search_label":"75234 Addison / Carrollton / Dallas / Farmers Branch","dem_votes":7277,"rep_votes":5888,"total_votes":13444,"total_major_party_votes":13165,"dem_share":0.5528,"rep_share":0.4472,"margin":0.1056,"winner":"Democratic","precincts_assigned":33,"population":null,"median_age":null,"median_household_income":null,"white_non_hispanic_share":null,"black_non_hispanic_share":null,"asian_non_hispanic_share":null,"hispanic_share":null,"housing_units":null,"dominant_housing_era":null,"dominant_housing_era_share":null,"crime_year":2025,"crime_total":501,"robbery_count":3,"homicide_count":0,"aggravated_assault_count":0,"shooting_count":20,"violent_crime_rate_per_100k":null,"robbery_rate_per_100k":null,"homicide_rate_per_100k":null,"shooting_rate_per_100k":null,"politics_status":"Mapped","safety_status":"Dallas OpenData","demographics_status":"Needs Review","needs_review":true,"source_label":"ACS 5-year ZCTA, Dallas OpenData incidents, 2024 presidential precinct returns"}},{"type":"Feature","geometry":{"bbox":[-96.873903,32.805675,-96.81799,32.860089],"type":"Polygon","coordinates":[[[-96.872352,32.84835400000001],[-96.870379,32.849762],[-96.867617,32.849977],[-96.86624,32.849277],[-96.864933,32.851498],[-96.862736,32.853678],[-96.860368,32.855063],[-96.859194,32.857148],[-96.85639,32.859592],[-96.854465,32.859972],[-96.854108,32.860089],[-96.853551,32.859758],[-96.852107,32.859468],[-96.850604,32.858822],[-96.850207,32.85855],[-96.846883,32.855691],[-96.841151,32.850735],[-96.837099,32.847243],[-96.835539,32.845892],[-96.835108,32.845444],[-96.834749,32.844852],[-96.834491,32.844118],[-96.834488,32.84053],[-96.834109,32.839246],[-96.831639,32.836627],[-96.831556,32.836524],[-96.82757800000002,32.831221],[-96.8264,32.82996],[-96.823006,32.82703],[-96.822798,32.826853],[-96.821646,32.825825],[-96.821754,32.82573800000001],[-96.821094,32.825148],[-96.822448,32.824024],[-96.820685,32.823192],[-96.819731,32.823954],[-96.818639,32.823012],[-96.81799,32.822453],[-96.819404,32.820469],[-96.821505,32.822255],[-96.82238200000002,32.820679],[-96.821485,32.819741],[-96.82389700000002,32.819178],[-96.823525,32.818378],[-96.825008,32.818161],[-96.825529,32.817808],[-96.82659,32.817416],[-96.826069,32.816827],[-96.826879,32.81646],[-96.827438,32.814959],[-96.827931,32.811619],[-96.829259,32.80923],[-96.828664,32.808524],[-96.827323,32.807237],[-96.828903,32.805805],[-96.829905,32.80615],[-96.829943,32.805675],[-96.831667,32.806157000000006],[-96.836977,32.808141],[-96.837295,32.807926],[-96.840371,32.808981],[-96.84582,32.811456],[-96.848772,32.812341],[-96.849496,32.811071],[-96.84966,32.81113],[-96.848869,32.812365],[-96.852417,32.812958],[-96.864426,32.813279],[-96.865007,32.813673],[-96.86605800000001,32.814681],[-96.866211,32.814921],[-96.8668,32.815573],[-96.86314,32.815554],[-96.8593,32.816704],[-96.857671,32.818022],[-96.85649,32.817188],[-96.856119,32.8173],[-96.85622300000001,32.819308],[-96.861168,32.819353],[-96.862063,32.820428],[-96.86167900000001,32.822271],[-96.861931,32.822274],[-96.865342,32.826434],[-96.869618,32.827736],[-96.87131,32.829133],[-96.872767,32.832583],[-96.872746,32.836726],[-96.871437,32.836972],[-96.866099,32.836965],[-96.865474,32.837289],[-96.870358,32.841479],[-96.873104,32.843867],[-96.871722,32.845478],[-96.870083,32.845886],[-96.873903,32.849005000000005],[-96.872352,32.84835400000001]],[[-96.84435300000001,32.81271],[-96.843061,32.811847],[-96.842268,32.813013],[-96.841099,32.81344],[-96.839475,32.813587],[-96.840317,32.814275],[-96.841139,32.814878],[-96.842505,32.815984],[-96.843542,32.815284],[-96.845547,32.81443000000001],[-96.84435300000001,32.81271]]]},"properties":{"zcta":"75235","city_names":["Dallas"],"search_label":"75235 Dallas","dem_votes":4656,"rep_votes":1236,"total_votes":6031,"total_major_party_votes":5892,"dem_share":0.7902,"rep_share":0.2098,"margin":0.5804,"winner":"Democratic","precincts_assigned":8,"population":null,"median_age":null,"median_household_income":null,"white_non_hispanic_share":null,"black_non_hispanic_share":null,"asian_non_hispanic_share":null,"hispanic_share":null,"housing_units":null,"dominant_housing_era":null,"dominant_housing_era_share":null,"crime_year":2025,"crime_total":3043,"robbery_count":50,"homicide_count":1,"aggravated_assault_count":0,"shooting_count":166,"violent_crime_rate_per_100k":null,"robbery_rate_per_100k":null,"homicide_rate_per_100k":null,"shooting_rate_per_100k":null,"politics_status":"Mapped","safety_status":"Dallas OpenData","demographics_status":"Needs Review","needs_review":true,"source_label":"ACS 5-year ZCTA, Dallas OpenData incidents, 2024 presidential precinct returns"}},{"type":"Feature","geometry":{"bbox":[-96.734071,32.855181,-96.674324,32.904055],"type":"Polygon","coordinates":[[[-96.733953,32.863231],[-96.733317,32.868496],[-96.73091,32.873858],[-96.730704,32.87859400000001],[-96.730676,32.878725],[-96.730005,32.88196],[-96.731089,32.886032],[-96.730645,32.888016],[-96.729514,32.889255],[-96.726092,32.891044],[-96.72186800000001,32.894548],[-96.720929,32.895072],[-96.717887,32.896138],[-96.713715,32.897427],[-96.70060500000001,32.901439],[-96.697977,32.902268],[-96.69197200000002,32.904055],[-96.69188,32.894571],[-96.693672,32.894422],[-96.693737,32.88595],[-96.69169,32.885955],[-96.690703,32.885956],[-96.683157,32.885936],[-96.68318,32.878904],[-96.68318,32.878801],[-96.687922,32.878689],[-96.688396,32.878709],[-96.686451,32.877478],[-96.683177,32.874664],[-96.67944,32.872049],[-96.676303,32.870985],[-96.677359,32.870813],[-96.677644,32.869619],[-96.674344,32.868454],[-96.674324,32.865774],[-96.67659900000001,32.865781],[-96.676602,32.864169000000004],[-96.678918,32.864145],[-96.678874,32.865744],[-96.68304,32.866045],[-96.683078,32.864147],[-96.683219,32.864142],[-96.687275,32.864159],[-96.68893,32.86417],[-96.691909,32.864189],[-96.692947,32.864193],[-96.699109,32.864164],[-96.700916,32.861776],[-96.700396,32.857635],[-96.701663,32.861708],[-96.700566,32.863477],[-96.707246,32.86421000000001],[-96.710769,32.864207],[-96.712563,32.864069],[-96.713293,32.863878],[-96.718044,32.861808],[-96.725103,32.858517],[-96.728654,32.856951],[-96.731694,32.85561],[-96.732683,32.855181],[-96.734071,32.861235],[-96.733953,32.863231]]]},"properties":{"zcta":"75238","city_names":["Dallas","Garland"],"search_label":"75238 Dallas / Garland","dem_votes":6481,"rep_votes":5637,"total_votes":12448,"total_major_party_votes":12118,"dem_share":0.5348,"rep_share":0.4652,"margin":0.0696,"winner":"Democratic","precincts_assigned":15,"population":null,"median_age":null,"median_household_income":null,"white_non_hispanic_share":null,"black_non_hispanic_share":null,"asian_non_hispanic_share":null,"hispanic_share":null,"housing_units":null,"dominant_housing_era":null,"dominant_housing_era_share":null,"crime_year":2025,"crime_total":2192,"robbery_count":32,"homicide_count":0,"aggravated_assault_count":0,"shooting_count":108,"violent_crime_rate_per_100k":null,"robbery_rate_per_100k":null,"homicide_rate_per_100k":null,"shooting_rate_per_100k":null,"politics_status":"Mapped","safety_status":"Dallas OpenData","demographics_status":"Needs Review","needs_review":true,"source_label":"ACS 5-year ZCTA, Dallas OpenData incidents, 2024 presidential precinct returns"}},{"type":"Feature","geometry":{"bbox":[-96.82552,32.921478,-96.751937,32.940773],"type":"Polygon","coordinates":[[[-96.82552,32.939518],[-96.82225500000001,32.939492],[-96.822086,32.939495],[-96.821759,32.939495],[-96.821705,32.93603],[-96.818059,32.936115],[-96.81805800000001,32.939413],[-96.817927,32.939413],[-96.814031,32.939414],[-96.813115,32.939423000000005],[-96.812601,32.936302],[-96.811695,32.936311],[-96.809802,32.936288],[-96.809807,32.935821],[-96.80746,32.935822],[-96.807432,32.938656],[-96.803739,32.938632],[-96.798318,32.938663],[-96.795592,32.939638],[-96.795656,32.938138],[-96.793458,32.937299],[-96.79077,32.937511],[-96.789027,32.936874],[-96.788071,32.939278],[-96.786266,32.939245],[-96.786262,32.939824],[-96.782814,32.940773],[-96.778379,32.939996],[-96.778528,32.939442],[-96.774175,32.939338],[-96.7739,32.937416],[-96.770673,32.939506],[-96.770411,32.939881],[-96.768987,32.939867],[-96.766388,32.939886],[-96.763978,32.939835],[-96.76116500000002,32.939884],[-96.760603,32.939949],[-96.759437,32.93998500000001],[-96.757402,32.939979],[-96.756558,32.939972],[-96.751937,32.939974],[-96.752115,32.938124],[-96.754264,32.9364],[-96.752754,32.935108],[-96.75670200000002,32.932193],[-96.758444,32.932744],[-96.759999,32.929478],[-96.760006,32.929221],[-96.759964,32.928759],[-96.761846,32.926914],[-96.764269,32.923874],[-96.76931300000001,32.923978],[-96.769301,32.924423],[-96.769126,32.926932],[-96.77171,32.927926],[-96.77234500000002,32.92473400000001],[-96.781693,32.924719],[-96.781479,32.924371],[-96.786314,32.924869],[-96.786307,32.924658],[-96.786305,32.924261],[-96.797231,32.924153],[-96.797251,32.922536],[-96.803552,32.922545],[-96.803569,32.924228],[-96.80357800000002,32.924999],[-96.807116,32.925491],[-96.811145,32.925503],[-96.811233,32.924469],[-96.81503,32.924484],[-96.815044,32.922232],[-96.818638,32.921481],[-96.818827,32.921478],[-96.81943400000002,32.923077],[-96.820633,32.925694],[-96.820753,32.926067],[-96.820802,32.92622],[-96.821217,32.927525],[-96.821304,32.928129],[-96.821335,32.928596],[-96.821328,32.929103],[-96.822069,32.931204],[-96.822509,32.932923],[-96.823126,32.932963],[-96.823272,32.933774],[-96.82552,32.939518]]]},"properties":{"zcta":"75240","city_names":["Dallas","Farmers Branch","Richardson"],"search_label":"75240 Dallas / Farmers Branch / Richardson","dem_votes":3683,"rep_votes":2433,"total_votes":6248,"total_major_party_votes":6116,"dem_share":0.6022,"rep_share":0.3978,"margin":0.2044,"winner":"Democratic","precincts_assigned":13,"population":null,"median_age":null,"median_household_income":null,"white_non_hispanic_share":null,"black_non_hispanic_share":null,"asian_non_hispanic_share":null,"hispanic_share":null,"housing_units":null,"dominant_housing_era":null,"dominant_housing_era_share":null,"crime_year":2025,"crime_total":2684,"robbery_count":67,"homicide_count":3,"aggravated_assault_count":0,"shooting_count":137,"violent_crime_rate_per_100k":null,"robbery_rate_per_100k":null,"homicide_rate_per_100k":null,"shooting_rate_per_100k":null,"politics_status":"Mapped","safety_status":"Dallas OpenData","demographics_status":"Needs Review","needs_review":true,"source_label":"ACS 5-year ZCTA, Dallas OpenData incidents, 2024 presidential precinct returns"}},{"type":"Feature","geometry":{"bbox":[-96.771802,32.889043,-96.69784,32.939974],"type":"Polygon","coordinates":[[[-96.770687,32.906483],[-96.769387,32.905543],[-96.769032,32.909195],[-96.769032,32.909347],[-96.768972,32.910708],[-96.768789,32.911781],[-96.768985,32.912094],[-96.769319,32.913552],[-96.769118,32.918121],[-96.767397,32.918076],[-96.766551,32.918293],[-96.764339,32.923762],[-96.764269,32.923874],[-96.761846,32.926914],[-96.759964,32.928759],[-96.760006,32.929221],[-96.759999,32.929478],[-96.758444,32.932744],[-96.75670200000002,32.932193],[-96.752754,32.935108],[-96.754264,32.9364],[-96.752115,32.938124],[-96.751937,32.939974],[-96.748136,32.939974],[-96.748076,32.938314],[-96.748131,32.937607],[-96.748166,32.935405],[-96.748368,32.934223],[-96.745596,32.933922],[-96.744333,32.933917],[-96.743265,32.934765],[-96.741229,32.934732],[-96.740427,32.935964],[-96.738715,32.93622],[-96.735329,32.93522],[-96.735372,32.935108],[-96.740312,32.923283],[-96.740406,32.923074],[-96.738795,32.923107],[-96.737641,32.923211],[-96.735939,32.92387],[-96.733994,32.924929],[-96.732498,32.92533],[-96.729406,32.925385000000006],[-96.729382,32.925561],[-96.722845,32.92546],[-96.718147,32.925432],[-96.71815000000001,32.926477],[-96.718138,32.929332],[-96.718125,32.931291],[-96.712981,32.931238],[-96.712188,32.931251],[-96.705904,32.93123200000001],[-96.705849,32.921613],[-96.705879,32.916708],[-96.70588,32.916604],[-96.705765,32.916601],[-96.70039,32.916562],[-96.700508,32.911134],[-96.700542,32.909165],[-96.700544,32.909025],[-96.698235,32.909011],[-96.698234,32.90888],[-96.69784,32.908886],[-96.697977,32.902268],[-96.70060500000001,32.901439],[-96.713715,32.897427],[-96.717887,32.896138],[-96.720929,32.895072],[-96.72186800000001,32.894548],[-96.724448,32.894588],[-96.728503,32.894568],[-96.73012,32.8945],[-96.734284,32.894343],[-96.736763,32.892992],[-96.736812,32.891253],[-96.740917,32.891211],[-96.741011,32.890346],[-96.741605,32.890338],[-96.74137,32.89175],[-96.74073,32.893122],[-96.740882,32.893166],[-96.744385,32.893906],[-96.747254,32.893949],[-96.751517,32.893307],[-96.75341200000001,32.893662],[-96.755005,32.890821],[-96.756688,32.889043],[-96.759069,32.890478],[-96.76176700000002,32.895417],[-96.761455,32.896492],[-96.76339,32.898631],[-96.768668,32.898704],[-96.769197,32.898713],[-96.769158,32.901775],[-96.769448,32.901733],[-96.76942,32.904128],[-96.771802,32.905925],[-96.770687,32.906483]]]},"properties":{"zcta":"75243","city_names":["Dallas","Garland","Richardson"],"search_label":"75243 Dallas / Garland / Richardson","dem_votes":10168,"rep_votes":5395,"total_votes":15998,"total_major_party_votes":15563,"dem_share":0.6533,"rep_share":0.3467,"margin":0.3066,"winner":"Democratic","precincts_assigned":22,"population":null,"median_age":null,"median_household_income":null,"white_non_hispanic_share":null,"black_non_hispanic_share":null,"asian_non_hispanic_share":null,"hispanic_share":null,"housing_units":null,"dominant_housing_era":null,"dominant_housing_era_share":null,"crime_year":2025,"crime_total":5650,"robbery_count":113,"homicide_count":3,"aggravated_assault_count":0,"shooting_count":355,"violent_crime_rate_per_100k":null,"robbery_rate_per_100k":null,"homicide_rate_per_100k":null,"shooting_rate_per_100k":null,"politics_status":"Mapped","safety_status":"Dallas OpenData","demographics_status":"Needs Review","needs_review":true,"source_label":"ACS 5-year ZCTA, Dallas OpenData incidents, 2024 presidential precinct returns"}},{"type":"Feature","geometry":{"bbox":[-96.85616,32.908313,-96.814644,32.951238],"type":"Polygon","coordinates":[[[-96.856089,32.913189],[-96.85605100000001,32.91572300000001],[-96.85604900000001,32.918138],[-96.855989,32.924231],[-96.855951,32.925323],[-96.855914,32.933293],[-96.855929,32.933543],[-96.855762,32.933532],[-96.847569,32.933377],[-96.847543,32.936191],[-96.84751800000001,32.939885],[-96.84697,32.939883],[-96.846934,32.939873],[-96.839023,32.939859],[-96.839031,32.943474],[-96.838875,32.943461],[-96.8388,32.951238],[-96.831309,32.951177],[-96.831324,32.94684],[-96.82814700000002,32.946859],[-96.82552,32.939518],[-96.823272,32.933774],[-96.823126,32.932963],[-96.822509,32.932923],[-96.822069,32.931204],[-96.821328,32.929103],[-96.821335,32.928596],[-96.821304,32.928129],[-96.821217,32.927525],[-96.820802,32.92622],[-96.820753,32.926067],[-96.820633,32.925694],[-96.81943400000002,32.923077],[-96.818827,32.921478],[-96.814644,32.909585],[-96.815049,32.909591],[-96.81487,32.908313],[-96.818365,32.908324],[-96.818365,32.909615],[-96.81948700000001,32.909611],[-96.829632,32.909627],[-96.830852,32.909636],[-96.838331,32.909621],[-96.843359,32.90963],[-96.84632,32.909666],[-96.846891,32.909654],[-96.85616,32.909652],[-96.856089,32.913189]]]},"properties":{"zcta":"75244","city_names":["Addison","Dallas","Farmers Branch"],"search_label":"75244 Addison / Dallas / Farmers Branch","dem_votes":4065,"rep_votes":3000,"total_votes":7236,"total_major_party_votes":7065,"dem_share":0.5754,"rep_share":0.4246,"margin":0.1508,"winner":"Democratic","precincts_assigned":8,"population":null,"median_age":null,"median_household_income":null,"white_non_hispanic_share":null,"black_non_hispanic_share":null,"asian_non_hispanic_share":null,"hispanic_share":null,"housing_units":null,"dominant_housing_era":null,"dominant_housing_era_share":null,"crime_year":2025,"crime_total":540,"robbery_count":4,"homicide_count":0,"aggravated_assault_count":0,"shooting_count":17,"violent_crime_rate_per_100k":null,"robbery_rate_per_100k":null,"homicide_rate_per_100k":null,"shooting_rate_per_100k":null,"politics_status":"Mapped","safety_status":"Dallas OpenData","demographics_status":"Needs Review","needs_review":true,"source_label":"ACS 5-year ZCTA, Dallas OpenData incidents, 2024 presidential precinct returns"}},{"type":"Feature","geometry":{"bbox":[-96.782866,32.78636,-96.764208,32.800345],"type":"Polygon","coordinates":[[[-96.782866,32.790248],[-96.780011,32.792617],[-96.778703,32.792386],[-96.776875,32.793913],[-96.77522,32.795299],[-96.772692,32.797376],[-96.773071,32.797714],[-96.770865,32.799607],[-96.77124,32.799958],[-96.770799,32.800345],[-96.770417,32.800282],[-96.769931,32.800318],[-96.769516,32.799954],[-96.76931100000002,32.80013400000001],[-96.765877,32.797144],[-96.764208,32.795665],[-96.765731,32.793512],[-96.767297,32.793143],[-96.77164,32.789355],[-96.772199,32.789868],[-96.774518,32.7879],[-96.775341,32.78636],[-96.777627,32.786855],[-96.779458,32.78696300000001],[-96.782121,32.789543],[-96.782507,32.789892],[-96.782866,32.790248]]]},"properties":{"zcta":"75246","city_names":["Dallas"],"search_label":"75246 Dallas","dem_votes":96,"rep_votes":50,"total_votes":151,"total_major_party_votes":146,"dem_share":0.6575,"rep_share":0.3425,"margin":0.315,"winner":"Democratic","precincts_assigned":4,"population":null,"median_age":null,"median_household_income":null,"white_non_hispanic_share":null,"black_non_hispanic_share":null,"asian_non_hispanic_share":null,"hispanic_share":null,"housing_units":null,"dominant_housing_era":null,"dominant_housing_era_share":null,"crime_year":2025,"crime_total":545,"robbery_count":7,"homicide_count":0,"aggravated_assault_count":0,"shooting_count":28,"violent_crime_rate_per_100k":null,"robbery_rate_per_100k":null,"homicide_rate_per_100k":null,"shooting_rate_per_100k":null,"politics_status":"Mapped","safety_status":"Dallas OpenData","demographics_status":"Needs Review","needs_review":true,"source_label":"ACS 5-year ZCTA, Dallas OpenData incidents, 2024 presidential precinct returns"}},{"type":"Feature","geometry":{"bbox":[-96.906141,32.78965,-96.834447,32.842053],"type":"Polygon","coordinates":[[[-96.906129,32.814286],[-96.905697,32.816194],[-96.903377,32.818797],[-96.896964,32.825104],[-96.895569,32.825066],[-96.895582,32.825611],[-96.892205,32.828453],[-96.890732,32.830314],[-96.890595,32.830489],[-96.889744,32.831702],[-96.889887,32.83643],[-96.888951,32.837736],[-96.883542,32.840558],[-96.876726,32.842053],[-96.87526,32.838127],[-96.875282,32.838212],[-96.872574,32.838658],[-96.8701,32.840521],[-96.870358,32.841479],[-96.865474,32.837289],[-96.866099,32.836965],[-96.871437,32.836972],[-96.872746,32.836726],[-96.872767,32.832583],[-96.87131,32.829133],[-96.869618,32.827736],[-96.865342,32.826434],[-96.861931,32.822274],[-96.86167900000001,32.822271],[-96.862063,32.820428],[-96.861168,32.819353],[-96.85622300000001,32.819308],[-96.856119,32.8173],[-96.85649,32.817188],[-96.857671,32.818022],[-96.8593,32.816704],[-96.86314,32.815554],[-96.8668,32.815573],[-96.866211,32.814921],[-96.86605800000001,32.814681],[-96.865007,32.813673],[-96.864426,32.813279],[-96.852417,32.812958],[-96.848869,32.812365],[-96.84966,32.81113],[-96.849496,32.811071],[-96.852374,32.806289],[-96.8536,32.802325],[-96.85314400000001,32.802287],[-96.850529,32.801535],[-96.848298,32.800578],[-96.834447,32.79345],[-96.835093,32.78965],[-96.843424,32.793633],[-96.848132,32.796386],[-96.851216,32.797645],[-96.852655,32.797916],[-96.854805,32.798026],[-96.873922,32.797969],[-96.882147,32.798009],[-96.883318,32.79811],[-96.883922,32.798118],[-96.898522,32.798192],[-96.901537,32.800668],[-96.903705,32.804281],[-96.904124,32.80494],[-96.90456500000002,32.805594000000006],[-96.905721,32.807403],[-96.906141,32.80913],[-96.906129,32.814286]]]},"properties":{"zcta":"75247","city_names":["Dallas"],"search_label":"75247 Dallas","dem_votes":43,"rep_votes":32,"total_votes":78,"total_major_party_votes":75,"dem_share":0.5733,"rep_share":0.4267,"margin":0.1466,"winner":"Democratic","precincts_assigned":2,"population":null,"median_age":null,"median_household_income":null,"white_non_hispanic_share":null,"black_non_hispanic_share":null,"asian_non_hispanic_share":null,"hispanic_share":null,"housing_units":null,"dominant_housing_era":null,"dominant_housing_era_share":null,"crime_year":2025,"crime_total":1539,"robbery_count":17,"homicide_count":3,"aggravated_assault_count":0,"shooting_count":47,"violent_crime_rate_per_100k":null,"robbery_rate_per_100k":null,"homicide_rate_per_100k":null,"shooting_rate_per_100k":null,"politics_status":"Mapped","safety_status":"Dallas OpenData","demographics_status":"Needs Review","needs_review":true,"source_label":"ACS 5-year ZCTA, Dallas OpenData incidents, 2024 presidential precinct returns"}},{"type":"Feature","geometry":{"bbox":[-96.830244,32.949775,-96.768214,32.987938],"type":"Polygon","coordinates":[[[-96.830014,32.98724],[-96.83001200000001,32.987255],[-96.828519,32.987236],[-96.822603,32.98716],[-96.813355,32.987041],[-96.813641,32.984477],[-96.809264,32.977595],[-96.808444,32.980116],[-96.808891,32.981951],[-96.80613,32.984017],[-96.805658,32.98372],[-96.805655,32.98411],[-96.805471,32.98504],[-96.805206,32.986937],[-96.80343,32.986914],[-96.803245,32.986912],[-96.80133000000001,32.985197],[-96.79461500000001,32.985233],[-96.793774,32.985432],[-96.793793,32.985545],[-96.792367,32.986771],[-96.792213,32.986769],[-96.791881,32.987215],[-96.790677,32.987882],[-96.790219,32.987502],[-96.786998,32.987535],[-96.786964,32.987932],[-96.785841,32.987903],[-96.785628,32.98668],[-96.784005,32.986659],[-96.783841,32.986657],[-96.781781,32.987937],[-96.778675,32.987938],[-96.778675,32.986588],[-96.778223,32.986304],[-96.768252,32.986164],[-96.768216,32.982891],[-96.768214,32.978351],[-96.768867,32.974815],[-96.76892,32.970694],[-96.76892600000001,32.968004],[-96.768942,32.962237],[-96.768983,32.950985],[-96.768988,32.950845],[-96.770728,32.950629],[-96.776596,32.95065],[-96.778614,32.95035],[-96.778695,32.950332],[-96.780568,32.949986],[-96.784739,32.949933],[-96.788754,32.949986],[-96.791906,32.950004],[-96.792458,32.949989],[-96.795605,32.949775],[-96.797725,32.949942],[-96.799017,32.950372],[-96.79928700000002,32.952505],[-96.797494,32.954183],[-96.797221,32.956588],[-96.797696,32.956487],[-96.798251,32.954493],[-96.800993,32.952468],[-96.802738,32.953831],[-96.804204,32.954084],[-96.804162,32.953889],[-96.807074,32.95393],[-96.807076,32.954485],[-96.808501,32.956077],[-96.808945,32.95648],[-96.810124,32.95852],[-96.810124,32.959305],[-96.808968,32.960417],[-96.810201,32.960369],[-96.811681,32.958571000000006],[-96.811942,32.956777],[-96.811492,32.955979],[-96.808141,32.954099],[-96.813837,32.95411],[-96.813839,32.955471],[-96.8154,32.95410600000001],[-96.820861,32.953999],[-96.822096,32.95402],[-96.82115,32.959482],[-96.821159,32.960222],[-96.821458,32.961409],[-96.821687,32.962497],[-96.821728,32.964173],[-96.821621,32.96709],[-96.821583,32.968594],[-96.821703,32.973104],[-96.821884,32.973625],[-96.822785,32.974787],[-96.823425,32.975298],[-96.823536,32.975195],[-96.828143,32.978895],[-96.828949,32.980643],[-96.828927,32.983303],[-96.830244,32.983303],[-96.830014,32.98724]]]},"properties":{"zcta":"75248","city_names":["Addison","Dallas","Richardson"],"search_label":"75248 Addison / Dallas / Richardson","dem_votes":9054,"rep_votes":7666,"total_votes":17122,"total_major_party_votes":16720,"dem_share":0.5415,"rep_share":0.4585,"margin":0.083,"winner":"Democratic","precincts_assigned":17,"population":null,"median_age":null,"median_household_income":null,"white_non_hispanic_share":null,"black_non_hispanic_share":null,"asian_non_hispanic_share":null,"hispanic_share":null,"housing_units":null,"dominant_housing_era":null,"dominant_housing_era_share":null,"crime_year":2025,"crime_total":1172,"robbery_count":10,"homicide_count":2,"aggravated_assault_count":0,"shooting_count":38,"violent_crime_rate_per_100k":null,"robbery_rate_per_100k":null,"homicide_rate_per_100k":null,"shooting_rate_per_100k":null,"politics_status":"Mapped","safety_status":"Dallas OpenData","demographics_status":"Needs Review","needs_review":true,"source_label":"ACS 5-year ZCTA, Dallas OpenData incidents, 2024 presidential precinct returns"}},{"type":"Feature","geometry":{"bbox":[-96.786314,32.909714,-96.764269,32.927926],"type":"Polygon","coordinates":[[[-96.786314,32.924869],[-96.781479,32.924371],[-96.781693,32.924719],[-96.77234500000002,32.92473400000001],[-96.77171,32.927926],[-96.769126,32.926932],[-96.769301,32.924423],[-96.76931300000001,32.923978],[-96.764269,32.923874],[-96.764339,32.923762],[-96.766551,32.918293],[-96.767397,32.918076],[-96.769118,32.918121],[-96.769319,32.913552],[-96.768985,32.912094],[-96.769326,32.91084],[-96.769347,32.910404],[-96.770973,32.910432],[-96.771013,32.913542],[-96.773375,32.913469],[-96.775988,32.913552],[-96.775153,32.910849],[-96.773748,32.909714],[-96.775096,32.90977],[-96.777008,32.912016],[-96.776494,32.916474],[-96.778905,32.917423],[-96.778309,32.921053],[-96.779604,32.920834],[-96.781697,32.922872],[-96.781304,32.92378],[-96.78615,32.924256],[-96.786307,32.924658],[-96.786314,32.924869]]]},"properties":{"zcta":"75251","city_names":["Dallas"],"search_label":"75251 Dallas","dem_votes":787,"rep_votes":418,"total_votes":1236,"total_major_party_votes":1205,"dem_share":0.6531,"rep_share":0.3469,"margin":0.3062,"winner":"Democratic","precincts_assigned":3,"population":null,"median_age":null,"median_household_income":null,"white_non_hispanic_share":null,"black_non_hispanic_share":null,"asian_non_hispanic_share":null,"hispanic_share":null,"housing_units":null,"dominant_housing_era":null,"dominant_housing_era_share":null,"crime_year":2025,"crime_total":827,"robbery_count":9,"homicide_count":0,"aggravated_assault_count":0,"shooting_count":20,"violent_crime_rate_per_100k":null,"robbery_rate_per_100k":null,"homicide_rate_per_100k":null,"shooting_rate_per_100k":null,"politics_status":"Mapped","safety_status":"Dallas OpenData","demographics_status":"Needs Review","needs_review":true,"source_label":"ACS 5-year ZCTA, Dallas OpenData incidents, 2024 presidential precinct returns"}},{"type":"Feature","geometry":{"bbox":[-96.817194,32.977595,-96.755095,33.013379],"type":"Polygon","coordinates":[[[-96.816247,33.01243],[-96.815766,33.012804],[-96.815144,33.013329],[-96.803329,33.013379],[-96.795472,33.013149],[-96.795274,33.013129],[-96.795295,33.012341],[-96.79001,33.01155],[-96.788468,33.011021],[-96.786052,33.009759],[-96.779811,33.004849],[-96.774776,33.001755],[-96.772403,33.000693],[-96.76788200000001,32.999598],[-96.767729,32.999581],[-96.767736,32.99931],[-96.762436,32.999118],[-96.756743,33.000152],[-96.756459,32.997481],[-96.755095,32.996918],[-96.75644,32.994799],[-96.756464,32.986298],[-96.758384,32.986324],[-96.758384,32.985593],[-96.756461,32.985554],[-96.756634,32.984336],[-96.757388,32.9829],[-96.768216,32.982891],[-96.768252,32.986164],[-96.778223,32.986304],[-96.778675,32.986588],[-96.778675,32.987938],[-96.781781,32.987937],[-96.783841,32.986657],[-96.784005,32.986659],[-96.785628,32.98668],[-96.785841,32.987903],[-96.786964,32.987932],[-96.786998,32.987535],[-96.790219,32.987502],[-96.790677,32.987882],[-96.791881,32.987215],[-96.792213,32.986769],[-96.792367,32.986771],[-96.793793,32.985545],[-96.793774,32.985432],[-96.79461500000001,32.985233],[-96.80133000000001,32.985197],[-96.803245,32.986912],[-96.80343,32.986914],[-96.805206,32.986937],[-96.805471,32.98504],[-96.805655,32.98411],[-96.805658,32.98372],[-96.80613,32.984017],[-96.808891,32.981951],[-96.808444,32.980116],[-96.809264,32.977595],[-96.813641,32.984477],[-96.813355,32.987041],[-96.815642,32.989137],[-96.816002,32.991221],[-96.814918,32.992359],[-96.812547,32.992781],[-96.81362,32.998151],[-96.813655,32.998286],[-96.814916,33.000915],[-96.813828,33.00302],[-96.814354,33.006858],[-96.817194,33.009403],[-96.816247,33.01243]]]},"properties":{"zcta":"75252","city_names":["Dallas","Plano","Richardson"],"search_label":"75252 Dallas / Plano / Richardson","dem_votes":5941,"rep_votes":5686,"total_votes":11888,"total_major_party_votes":11627,"dem_share":0.511,"rep_share":0.489,"margin":0.022,"winner":"Democratic","precincts_assigned":8,"population":null,"median_age":null,"median_household_income":null,"white_non_hispanic_share":null,"black_non_hispanic_share":null,"asian_non_hispanic_share":null,"hispanic_share":null,"housing_units":null,"dominant_housing_era":null,"dominant_housing_era_share":null,"crime_year":2025,"crime_total":1011,"robbery_count":9,"homicide_count":0,"aggravated_assault_count":0,"shooting_count":15,"violent_crime_rate_per_100k":null,"robbery_rate_per_100k":null,"homicide_rate_per_100k":null,"shooting_rate_per_100k":null,"politics_status":"Mapped","safety_status":"Dallas OpenData","demographics_status":"Needs Review","needs_review":true,"source_label":"ACS 5-year ZCTA, Dallas OpenData incidents, 2024 presidential precinct returns"}},{"type":"Feature","geometry":{"bbox":[-96.830164,32.935821,-96.768987,32.960417],"type":"Polygon","coordinates":[[[-96.829907,32.954014],[-96.822287,32.954022],[-96.822096,32.95402],[-96.820861,32.953999],[-96.8154,32.95410600000001],[-96.813839,32.955471],[-96.813837,32.95411],[-96.808141,32.954099],[-96.811492,32.955979],[-96.811942,32.956777],[-96.811681,32.958571000000006],[-96.810201,32.960369],[-96.808968,32.960417],[-96.810124,32.959305],[-96.810124,32.95852],[-96.808945,32.95648],[-96.808501,32.956077],[-96.807076,32.954485],[-96.807074,32.95393],[-96.804162,32.953889],[-96.804204,32.954084],[-96.802738,32.953831],[-96.800993,32.952468],[-96.798251,32.954493],[-96.797696,32.956487],[-96.797221,32.956588],[-96.797494,32.954183],[-96.79928700000002,32.952505],[-96.799017,32.950372],[-96.797725,32.949942],[-96.795605,32.949775],[-96.792458,32.949989],[-96.791906,32.950004],[-96.788754,32.949986],[-96.784739,32.949933],[-96.780568,32.949986],[-96.778695,32.950332],[-96.778614,32.95035],[-96.776596,32.95065],[-96.770728,32.950629],[-96.768988,32.950845],[-96.769021,32.946548],[-96.769025,32.945847],[-96.76900800000001,32.944802],[-96.768987,32.939867],[-96.770411,32.939881],[-96.770673,32.939506],[-96.7739,32.937416],[-96.774175,32.939338],[-96.778528,32.939442],[-96.778379,32.939996],[-96.782814,32.940773],[-96.786262,32.939824],[-96.786266,32.939245],[-96.788071,32.939278],[-96.789027,32.936874],[-96.79077,32.937511],[-96.793458,32.937299],[-96.795656,32.938138],[-96.795592,32.939638],[-96.798318,32.938663],[-96.803739,32.938632],[-96.807432,32.938656],[-96.80746,32.935822],[-96.809807,32.935821],[-96.809802,32.936288],[-96.811695,32.936311],[-96.812601,32.936302],[-96.813115,32.939423000000005],[-96.814031,32.939414],[-96.817927,32.939413],[-96.81805800000001,32.939413],[-96.818059,32.936115],[-96.821705,32.93603],[-96.821759,32.939495],[-96.822086,32.939495],[-96.82225500000001,32.939492],[-96.82552,32.939518],[-96.82814700000002,32.946859],[-96.830164,32.95274],[-96.829907,32.954014]]]},"properties":{"zcta":"75254","city_names":["Addison","Dallas","Farmers Branch","Richardson"],"search_label":"75254 Addison / Dallas / Farmers Branch / Richardson","dem_votes":4783,"rep_votes":3281,"total_votes":8234,"total_major_party_votes":8064,"dem_share":0.5931,"rep_share":0.4069,"margin":0.1862,"winner":"Democratic","precincts_assigned":15,"population":null,"median_age":null,"median_household_income":null,"white_non_hispanic_share":null,"black_non_hispanic_share":null,"asian_non_hispanic_share":null,"hispanic_share":null,"housing_units":null,"dominant_housing_era":null,"dominant_housing_era_share":null,"crime_year":2025,"crime_total":1398,"robbery_count":32,"homicide_count":0,"aggravated_assault_count":0,"shooting_count":58,"violent_crime_rate_per_100k":null,"robbery_rate_per_100k":null,"homicide_rate_per_100k":null,"shooting_rate_per_100k":null,"politics_status":"Mapped","safety_status":"Dallas OpenData","demographics_status":"Needs Review","needs_review":true,"source_label":"ACS 5-year ZCTA, Dallas OpenData incidents, 2024 presidential precinct returns"}},{"type":"Feature","geometry":{"bbox":[-96.802646,32.780776,-96.801192,32.781746],"type":"Polygon","coordinates":[[[-96.802646,32.781506],[-96.801487,32.781746],[-96.801332,32.781484],[-96.801192,32.781013],[-96.802424,32.780776],[-96.802646,32.781506]]]},"properties":{"zcta":"75270","city_names":["Dallas"],"search_label":"75270 Dallas","dem_votes":0,"rep_votes":0,"total_votes":0,"total_major_party_votes":0,"dem_share":null,"rep_share":null,"margin":null,"winner":"No matched precinct","precincts_assigned":0,"population":null,"median_age":null,"median_household_income":null,"white_non_hispanic_share":null,"black_non_hispanic_share":null,"asian_non_hispanic_share":null,"hispanic_share":null,"housing_units":null,"dominant_housing_era":null,"dominant_housing_era_share":null,"crime_year":2025,"crime_total":null,"robbery_count":null,"homicide_count":null,"aggravated_assault_count":null,"shooting_count":null,"violent_crime_rate_per_100k":null,"robbery_rate_per_100k":null,"homicide_rate_per_100k":null,"shooting_rate_per_100k":null,"politics_status":"Needs Review","safety_status":"Needs Review","demographics_status":"Needs Review","needs_review":true,"source_label":"ACS 5-year ZCTA, Dallas OpenData incidents, 2024 presidential precinct returns"}},{"type":"Feature","geometry":{"bbox":[-96.87478,32.987041,-96.812547,33.016499],"type":"Polygon","coordinates":[[[-96.873821,32.993166],[-96.872806,32.996986],[-96.87278,32.997108],[-96.871754,33.000615],[-96.871407,33.000906],[-96.86742,33.001443],[-96.866367,33.001486],[-96.866182,33.002302],[-96.865956,33.002485],[-96.865954,33.005402],[-96.864836,33.006432],[-96.860639,33.007935],[-96.858167,33.006285],[-96.85734100000002,33.0061],[-96.85852000000001,33.008639],[-96.857287,33.009057],[-96.857321,33.011687],[-96.860679,33.011633],[-96.86157,33.01164],[-96.861998,33.00858],[-96.865959,33.007703],[-96.865954,33.011763],[-96.86069,33.0118],[-96.858911,33.011784],[-96.857367,33.011819],[-96.857192,33.011823],[-96.854594,33.011766],[-96.849321,33.011767],[-96.848629,33.011488],[-96.848136,33.011755],[-96.845218,33.012721],[-96.843703,33.012878],[-96.843648,33.015019],[-96.84358,33.016499],[-96.83221500000002,33.015571],[-96.829673,33.015144],[-96.829223,33.015062],[-96.82476300000002,33.014222],[-96.824456,33.014163],[-96.819769,33.013458],[-96.815144,33.013329],[-96.815766,33.012804],[-96.816247,33.01243],[-96.817194,33.009403],[-96.814354,33.006858],[-96.813828,33.00302],[-96.814916,33.000915],[-96.813655,32.998286],[-96.81362,32.998151],[-96.812547,32.992781],[-96.814918,32.992359],[-96.816002,32.991221],[-96.815642,32.989137],[-96.813355,32.987041],[-96.822603,32.98716],[-96.828519,32.987236],[-96.83001200000001,32.987255],[-96.838955,32.98737],[-96.840831,32.987394],[-96.84219,32.987202],[-96.84638,32.987206],[-96.84715,32.987276],[-96.849049,32.987148],[-96.854882,32.987209],[-96.854871,32.987573],[-96.854797,32.989691],[-96.864084,32.989735],[-96.86728,32.98975],[-96.87478,32.989781],[-96.873821,32.993166]]]},"properties":{"zcta":"75287","city_names":["Carrollton","Dallas","Plano"],"search_label":"75287 Carrollton / Dallas / Plano","dem_votes":8603,"rep_votes":5565,"total_votes":14458,"total_major_party_votes":14168,"dem_share":0.6072,"rep_share":0.3928,"margin":0.2144,"winner":"Democratic","precincts_assigned":9,"population":null,"median_age":null,"median_household_income":null,"white_non_hispanic_share":null,"black_non_hispanic_share":null,"asian_non_hispanic_share":null,"hispanic_share":null,"housing_units":null,"dominant_housing_era":null,"dominant_housing_era_share":null,"crime_year":2025,"crime_total":2678,"robbery_count":36,"homicide_count":1,"aggravated_assault_count":0,"shooting_count":113,"violent_crime_rate_per_100k":null,"robbery_rate_per_100k":null,"homicide_rate_per_100k":null,"shooting_rate_per_100k":null,"politics_status":"Mapped","safety_status":"Dallas OpenData","demographics_status":"Needs Review","needs_review":true,"source_label":"ACS 5-year ZCTA, Dallas OpenData incidents, 2024 presidential precinct returns"}},{"type":"Feature","geometry":{"bbox":[-96.845547,32.811847,-96.839475,32.815984],"type":"Polygon","coordinates":[[[-96.845547,32.81443000000001],[-96.843542,32.815284],[-96.842505,32.815984],[-96.841139,32.814878],[-96.840317,32.814275],[-96.839475,32.813587],[-96.841099,32.81344],[-96.842268,32.813013],[-96.843061,32.811847],[-96.84435300000001,32.81271],[-96.845547,32.81443000000001]]]},"properties":{"zcta":"75390","city_names":["Dallas"],"search_label":"75390 Dallas","dem_votes":0,"rep_votes":0,"total_votes":0,"total_major_party_votes":0,"dem_share":null,"rep_share":null,"margin":null,"winner":"No matched precinct","precincts_assigned":0,"population":null,"median_age":null,"median_household_income":null,"white_non_hispanic_share":null,"black_non_hispanic_share":null,"asian_non_hispanic_share":null,"hispanic_share":null,"housing_units":null,"dominant_housing_era":null,"dominant_housing_era_share":null,"crime_year":2025,"crime_total":2,"robbery_count":0,"homicide_count":0,"aggravated_assault_count":0,"shooting_count":0,"violent_crime_rate_per_100k":null,"robbery_rate_per_100k":null,"homicide_rate_per_100k":null,"shooting_rate_per_100k":null,"politics_status":"Needs Review","safety_status":"Dallas OpenData","demographics_status":"Needs Review","needs_review":true,"source_label":"ACS 5-year ZCTA, Dallas OpenData incidents, 2024 presidential precinct returns"}},{"type":"Feature","geometry":{"bbox":[-96.54956,33.043064,-96.420604,33.249375],"type":"Polygon","coordinates":[[[-96.54956,33.154595],[-96.548156,33.154537],[-96.54083,33.153634],[-96.540816,33.15427],[-96.53916,33.153874],[-96.538469,33.153517],[-96.535966,33.153274],[-96.535863,33.155167],[-96.527929,33.155029],[-96.527811,33.160664],[-96.533727,33.16086],[-96.533533,33.167655],[-96.533335,33.172597],[-96.537176,33.17266],[-96.536845,33.1764],[-96.539915,33.176461],[-96.538904,33.180854],[-96.542981,33.180961],[-96.546007,33.181028],[-96.54766,33.183431],[-96.546649,33.188059],[-96.547887,33.188035],[-96.547816,33.189608],[-96.547798,33.190025],[-96.547799,33.190049],[-96.547876,33.190052],[-96.547875,33.191168],[-96.548005,33.192017],[-96.547904,33.191949],[-96.545603,33.191101],[-96.54501,33.191113],[-96.5429,33.191042],[-96.541499,33.190925],[-96.541396,33.196452],[-96.53825,33.196308],[-96.538112,33.199124],[-96.533485,33.199078],[-96.531332,33.199096],[-96.531354,33.203233],[-96.534576,33.203247],[-96.534494,33.206839],[-96.532218,33.206839],[-96.531664,33.2118],[-96.525235,33.211599],[-96.520597,33.21147],[-96.520352,33.221114],[-96.518371,33.221089],[-96.518319,33.222617],[-96.510284,33.222522],[-96.510045,33.2243],[-96.509789,33.229467],[-96.509626,33.232232],[-96.509749,33.233006],[-96.509576,33.233154],[-96.50953,33.233201],[-96.507738,33.234809],[-96.505916,33.234901],[-96.501846,33.23455],[-96.49851,33.2355],[-96.495929,33.235273],[-96.492384,33.234142],[-96.48454400000001,33.234329],[-96.478485,33.23305],[-96.478602,33.234447],[-96.48052,33.235743],[-96.48072800000001,33.238498],[-96.479486,33.239655],[-96.480001,33.24053],[-96.476182,33.243969],[-96.474734,33.247135],[-96.469866,33.24837],[-96.466144,33.248556],[-96.462426,33.248441],[-96.460427,33.249114],[-96.45932000000002,33.249375],[-96.457052,33.249336],[-96.45725,33.241773],[-96.447384,33.241503],[-96.447452,33.23968],[-96.44731,33.240208],[-96.442083,33.240099],[-96.442122,33.237581],[-96.43504,33.237384],[-96.435118,33.234168],[-96.439933,33.234179],[-96.44077,33.227772],[-96.439797,33.220092],[-96.441598,33.220122],[-96.441681,33.216681],[-96.439718,33.213565],[-96.43992200000001,33.212988],[-96.436315,33.208599],[-96.43613,33.204845],[-96.434208,33.205115],[-96.43289,33.20669],[-96.431425,33.20585],[-96.429544,33.206495],[-96.425728,33.206333],[-96.426937,33.204936],[-96.428039,33.202383],[-96.427502,33.201254],[-96.427529,33.198271],[-96.429813,33.19725],[-96.429329,33.195879],[-96.429974,33.193783],[-96.431666,33.193449],[-96.428884,33.190697],[-96.426631,33.189276],[-96.426581,33.187292],[-96.42466400000002,33.186301],[-96.422445,33.183642],[-96.420604,33.183642],[-96.42242,33.182841],[-96.421688,33.182166],[-96.423353,33.179401],[-96.424864,33.178426],[-96.42713700000002,33.175776],[-96.430416,33.172924],[-96.430653,33.171723],[-96.432878,33.169871],[-96.432473,33.167302],[-96.432212,33.165686],[-96.429752,33.163646],[-96.429718,33.162433],[-96.429546,33.156322],[-96.432524,33.150992],[-96.44056,33.142336],[-96.452133,33.128521],[-96.45369200000002,33.126033],[-96.456718,33.120682],[-96.457487,33.11735300000001],[-96.458464,33.11075],[-96.46122800000002,33.097738],[-96.463459,33.092068],[-96.465318,33.088595],[-96.465655,33.088092],[-96.46856,33.082264],[-96.469759,33.07991],[-96.471758,33.074838],[-96.472759,33.070684],[-96.473252,33.065589],[-96.473349,33.062212],[-96.472835,33.057647],[-96.47149,33.054516],[-96.466126,33.052073],[-96.464372,33.050786],[-96.463673,33.049211],[-96.46379,33.048618],[-96.467671,33.046012],[-96.473469,33.044581],[-96.474231,33.043064],[-96.47842,33.043869],[-96.480782,33.043917],[-96.482266,33.044373],[-96.484545,33.046199],[-96.489922,33.047006],[-96.499879,33.047008],[-96.50874,33.046261],[-96.513133,33.04547900000001],[-96.515461,33.045527],[-96.519375,33.046335],[-96.521484,33.047475],[-96.522489,33.048782],[-96.523904,33.053781],[-96.52448,33.056131],[-96.53259100000001,33.068855],[-96.533136,33.070296],[-96.53371,33.072601000000006],[-96.533657,33.078055],[-96.532878,33.081457],[-96.528223,33.087925],[-96.528277,33.093167],[-96.53007100000002,33.098039],[-96.530786,33.10219000000001],[-96.53221,33.105608],[-96.532376,33.114379],[-96.534135,33.115887],[-96.534873,33.118567],[-96.53507,33.122588],[-96.535452,33.124195],[-96.53927,33.127076],[-96.540722,33.130252],[-96.538613,33.129837],[-96.538507,33.129893],[-96.538285,33.130164],[-96.538244,33.130353],[-96.538271,33.130513],[-96.538327,33.130609],[-96.53843800000001,33.130687],[-96.538815,33.130871000000006],[-96.539673,33.133803],[-96.537101,33.133862],[-96.53761,33.1348],[-96.53668,33.135668],[-96.537606,33.136853],[-96.539476,33.137833],[-96.53984,33.139196],[-96.541066,33.138243],[-96.5419,33.140327],[-96.541088,33.140846],[-96.542016,33.141807],[-96.541346,33.142896],[-96.543732,33.144038],[-96.544748,33.14517],[-96.543379,33.146886],[-96.544791,33.149273],[-96.54424800000001,33.151446],[-96.546966,33.151905],[-96.549544,33.154342],[-96.54956,33.154595]]]},"properties":{"zcta":"75407","city_names":["McKinney","Wylie"],"search_label":"75407 McKinney / Wylie","dem_votes":5504,"rep_votes":8190,"total_votes":13953,"total_major_party_votes":13694,"dem_share":0.4019,"rep_share":0.5981,"margin":-0.1962,"winner":"Republican","precincts_assigned":6,"population":null,"median_age":null,"median_household_income":null,"white_non_hispanic_share":null,"black_non_hispanic_share":null,"asian_non_hispanic_share":null,"hispanic_share":null,"housing_units":null,"dominant_housing_era":null,"dominant_housing_era_share":null,"crime_year":2025,"crime_total":null,"robbery_count":null,"homicide_count":null,"aggravated_assault_count":null,"shooting_count":null,"violent_crime_rate_per_100k":null,"robbery_rate_per_100k":null,"homicide_rate_per_100k":null,"shooting_rate_per_100k":null,"politics_status":"Mapped","safety_status":"Needs Review","demographics_status":"Needs Review","needs_review":true,"source_label":"ACS 5-year ZCTA, Dallas OpenData incidents, 2024 presidential precinct returns"}},{"type":"Feature","geometry":{"bbox":[-96.623521,33.235376,-96.494703,33.319031],"type":"Polygon","coordinates":[[[-96.623521,33.24628],[-96.618199,33.250386],[-96.61825,33.250644],[-96.618295,33.250859],[-96.617358,33.251717],[-96.609577,33.257688],[-96.609611,33.257759],[-96.609597,33.25780900000001],[-96.611649,33.260168],[-96.61125900000002,33.260729],[-96.612489,33.261547],[-96.610862,33.264129],[-96.612192,33.2648],[-96.609384,33.267224],[-96.609902,33.267965],[-96.611457,33.268596],[-96.610136,33.269066],[-96.61008,33.269137],[-96.610067,33.269224],[-96.610084,33.269436],[-96.610065,33.26964],[-96.610018,33.269759],[-96.607898,33.270641],[-96.607714,33.27156],[-96.605644,33.272444],[-96.60545700000002,33.273756],[-96.60688600000002,33.274777],[-96.605452,33.276894],[-96.605194,33.277047],[-96.60511,33.277184],[-96.605119,33.277344],[-96.60520700000001,33.277433],[-96.605758,33.277605],[-96.605892,33.277739],[-96.605836,33.277964],[-96.605654,33.278133000000004],[-96.605606,33.278488],[-96.605664,33.278614],[-96.606276,33.279177],[-96.606277,33.279396],[-96.604635,33.28042],[-96.60462,33.28058],[-96.604698,33.28072],[-96.604899,33.280803],[-96.605083,33.280807],[-96.605198,33.280766],[-96.605486,33.280755],[-96.605732,33.280762],[-96.60584,33.280779],[-96.605959,33.280833],[-96.606039,33.28096],[-96.606047,33.281013],[-96.606042,33.281167],[-96.606011,33.281324],[-96.605957,33.281461],[-96.60580700000001,33.281585],[-96.605347,33.281751],[-96.604859,33.281997],[-96.60474,33.282108],[-96.604573,33.282472],[-96.604573,33.282769],[-96.604775,33.282963],[-96.606285,33.28404],[-96.604614,33.285183],[-96.60467,33.285286],[-96.604708,33.285411],[-96.605138,33.287743],[-96.603678,33.28869],[-96.603178,33.288503],[-96.601567,33.294373],[-96.598202,33.296989],[-96.596769,33.298458],[-96.593972,33.299428],[-96.594505,33.300216],[-96.592555,33.299759],[-96.591961,33.300203],[-96.592417,33.285017],[-96.592161,33.285012],[-96.591305,33.30068],[-96.590633,33.313001],[-96.590305,33.319031],[-96.587151,33.318925],[-96.57897,33.317617],[-96.57873000000001,33.317581],[-96.577327,33.317478],[-96.571004,33.317241],[-96.570828,33.31724],[-96.56476,33.316915],[-96.559241,33.315757],[-96.559197,33.315748],[-96.558209,33.315688],[-96.55484,33.315348],[-96.537814,33.315156],[-96.537881,33.311581],[-96.5379,33.310497],[-96.537904,33.310245],[-96.53793,33.309576],[-96.537956,33.308269],[-96.52903,33.308113],[-96.529145,33.303696],[-96.532596,33.303751],[-96.532662,33.300673],[-96.526706,33.304225],[-96.526718,33.303983],[-96.519964,33.307986],[-96.511127,33.307723],[-96.511134,33.304898],[-96.508472,33.30155],[-96.506082,33.300062],[-96.503622,33.300435],[-96.503807,33.299508],[-96.502367,33.29876],[-96.5006,33.295831],[-96.499225,33.295445],[-96.501939,33.295101],[-96.502984,33.292822],[-96.507193,33.290728],[-96.50774,33.285127],[-96.499469,33.285375],[-96.49870300000002,33.282814],[-96.498747,33.279324],[-96.494703,33.279248],[-96.494946,33.276796],[-96.496743,33.278568],[-96.500854,33.279102],[-96.500956,33.276205],[-96.501878,33.273463],[-96.50212,33.268483],[-96.512892,33.268769],[-96.512885,33.26663],[-96.51526,33.263694],[-96.519156,33.259749],[-96.521868,33.260948],[-96.52277,33.263936],[-96.524327,33.264476],[-96.524349,33.262196],[-96.533167,33.26277],[-96.533046,33.26437],[-96.544069,33.264672],[-96.545881,33.263736],[-96.546039,33.260156],[-96.548096,33.260218],[-96.547911,33.264733],[-96.549316,33.264743],[-96.549337,33.265479],[-96.55377800000001,33.265458],[-96.559314,33.266469],[-96.559165,33.269966],[-96.562025,33.270035],[-96.563012,33.270059],[-96.564783,33.270111],[-96.568821,33.270213],[-96.568634,33.263404],[-96.575891,33.263437],[-96.577058,33.263489],[-96.578087,33.261629],[-96.577492,33.258566],[-96.578789,33.256273],[-96.576927,33.252217],[-96.579954,33.250490000000006],[-96.58105,33.250736],[-96.58145900000001,33.25102],[-96.586685,33.24917],[-96.586656,33.250833],[-96.587133,33.251118],[-96.595205,33.244023],[-96.59653700000001,33.242596],[-96.599314,33.235441],[-96.599488,33.235376],[-96.60351200000001,33.235908],[-96.602082,33.237539],[-96.604096,33.238185],[-96.606188,33.241186],[-96.60871200000001,33.241207],[-96.608991,33.243761],[-96.609021,33.24377500000001],[-96.609202,33.243887],[-96.610367,33.243566],[-96.611612,33.243561],[-96.614875,33.244107],[-96.615126,33.244038],[-96.615145,33.244073],[-96.618272,33.243311],[-96.619232,33.244149],[-96.622422,33.244463],[-96.623521,33.24628]]]},"properties":{"zcta":"75454","city_names":["McKinney"],"search_label":"75454 McKinney","dem_votes":3158,"rep_votes":6329,"total_votes":9670,"total_major_party_votes":9487,"dem_share":0.3329,"rep_share":0.6671,"margin":-0.3342,"winner":"Republican","precincts_assigned":3,"population":null,"median_age":null,"median_household_income":null,"white_non_hispanic_share":null,"black_non_hispanic_share":null,"asian_non_hispanic_share":null,"hispanic_share":null,"housing_units":null,"dominant_housing_era":null,"dominant_housing_era_share":null,"crime_year":2025,"crime_total":null,"robbery_count":null,"homicide_count":null,"aggravated_assault_count":null,"shooting_count":null,"violent_crime_rate_per_100k":null,"robbery_rate_per_100k":null,"homicide_rate_per_100k":null,"shooting_rate_per_100k":null,"politics_status":"Mapped","safety_status":"Needs Review","demographics_status":"Needs Review","needs_review":true,"source_label":"ACS 5-year ZCTA, Dallas OpenData incidents, 2024 presidential precinct returns"}},{"type":"Feature","geometry":{"bbox":[-97.129643,32.881099,-97.020416,32.987856],"type":"Polygon","coordinates":[[[-97.129252,32.913383],[-97.129382,32.913671],[-97.12955200000002,32.913918],[-97.129586,32.91406],[-97.126254,32.915277],[-97.119332,32.919499],[-97.119248,32.919399],[-97.10801900000001,32.926026],[-97.108202,32.926026],[-97.110251,32.926039],[-97.110176,32.927647],[-97.110402,32.931932],[-97.101903,32.931921],[-97.101848,32.936142],[-97.098266,32.936123],[-97.09818,32.937173],[-97.09957800000001,32.93898900000001],[-97.100293,32.939683],[-97.101004,32.940427],[-97.102406,32.941497],[-97.104181,32.942403],[-97.106411,32.943097],[-97.107308,32.943275],[-97.108024,32.943383],[-97.108215,32.94409],[-97.108076,32.944353],[-97.108027,32.947649],[-97.104882,32.9476],[-97.104923,32.948487],[-97.104566,32.95255],[-97.105265,32.954698],[-97.108013,32.954735],[-97.116677,32.954908],[-97.116706,32.960796],[-97.116649,32.968567],[-97.116521,32.968807],[-97.116198,32.969323],[-97.116112,32.969419],[-97.115893,32.969558],[-97.11574,32.969608],[-97.115339,32.969658],[-97.115938,32.970485],[-97.116326,32.970868],[-97.115801,32.972558],[-97.114236,32.97263],[-97.114808,32.975129],[-97.11429,32.975267],[-97.11406,32.977798],[-97.113029,32.980406],[-97.110199,32.982716],[-97.110186,32.984929],[-97.108933,32.985487],[-97.10902200000001,32.986087],[-97.07437,32.985455],[-97.07418400000002,32.985392],[-97.071895,32.98462],[-97.068196,32.984609000000006],[-97.068439,32.981898],[-97.068114,32.981516],[-97.068011,32.981243],[-97.067316,32.98101200000001],[-97.066364,32.981001],[-97.065732,32.980902],[-97.065539,32.980696],[-97.063987,32.98044800000001],[-97.061777,32.978127],[-97.057585,32.975333],[-97.056501,32.972792],[-97.057951,32.97861],[-97.056733,32.978406],[-97.056345,32.980662],[-97.051058,32.981567],[-97.042456,32.978459],[-97.041416,32.978727],[-97.03826900000001,32.979643],[-97.036783,32.978164],[-97.03766,32.981243],[-97.040673,32.98453],[-97.040425,32.984533],[-97.041062,32.984952],[-97.041057,32.987144],[-97.031044,32.987856],[-97.027039,32.984863],[-97.02700500000002,32.984838],[-97.02643,32.984483],[-97.020743,32.980662],[-97.020416,32.980375],[-97.02808400000002,32.973173],[-97.028814,32.973148],[-97.030493,32.972915],[-97.031385,32.972835],[-97.031432,32.970242],[-97.031438,32.969923],[-97.031707,32.955001],[-97.031817,32.94885],[-97.031825,32.948165],[-97.031906,32.943867],[-97.032147,32.930409],[-97.032237,32.925592],[-97.039206,32.92635],[-97.047444,32.92612],[-97.05645,32.923672],[-97.057871,32.922486],[-97.059917,32.919627],[-97.06363,32.917881],[-97.067542,32.917619],[-97.073429,32.91765],[-97.078304,32.918194],[-97.085879,32.918279],[-97.086949,32.916874],[-97.091288,32.914285],[-97.092359,32.912945],[-97.089539,32.910131],[-97.089987,32.909212],[-97.082168,32.902713],[-97.082316,32.891753],[-97.080344,32.889065],[-97.076073,32.881099],[-97.082325,32.881101],[-97.090849,32.881118],[-97.094377,32.88111],[-97.09524200000001,32.881155],[-97.099803,32.881352],[-97.099819,32.888184],[-97.099819,32.888511],[-97.10548,32.888511],[-97.105483,32.887991],[-97.105486,32.887484],[-97.110931,32.887489],[-97.11643,32.887495],[-97.116394,32.885357],[-97.120353,32.885734],[-97.120395,32.889762],[-97.125015,32.889839],[-97.125063,32.89262],[-97.12504400000002,32.89828],[-97.125055,32.900019],[-97.125047,32.908105],[-97.127336,32.909025],[-97.126711,32.910218],[-97.129643,32.911856],[-97.129252,32.913383]]]},"properties":{"zcta":"76051","city_names":["Coppell"],"search_label":"76051 Coppell","dem_votes":8326,"rep_votes":12128,"total_votes":20749,"total_major_party_votes":20454,"dem_share":0.4071,"rep_share":0.5929,"margin":-0.1858,"winner":"Republican","precincts_assigned":10,"population":null,"median_age":null,"median_household_income":null,"white_non_hispanic_share":null,"black_non_hispanic_share":null,"asian_non_hispanic_share":null,"hispanic_share":null,"housing_units":null,"dominant_housing_era":null,"dominant_housing_era_share":null,"crime_year":2025,"crime_total":null,"robbery_count":null,"homicide_count":null,"aggravated_assault_count":null,"shooting_count":null,"violent_crime_rate_per_100k":null,"robbery_rate_per_100k":null,"homicide_rate_per_100k":null,"shooting_rate_per_100k":null,"politics_status":"Mapped","safety_status":"Needs Review","demographics_status":"Needs Review","needs_review":true,"source_label":"ACS 5-year ZCTA, Dallas OpenData incidents, 2024 presidential precinct returns"}}]}